trade_id,symbol,side,entry_time,exit_time,entry_price,exit_price,stop,target,size,pnl,r_multiple,confluence,duration_seconds,cumulative_pnl,equity_at_exit,drawdown,running_win_rate,running_profit_factor,running_sharpe
1,EURUSD,sell,2007-01-04T15:00:00+00:00,2007-01-04T16:00:00+00:00,1.30837,1.32478,1.31721,1.32438,11834.3195,-194.20050,-1.8558,0.555,3600.00,-194.20050,9805.79950,0.019420,0.000000,0.000000,-9.165151
2,EURUSD,buy,2007-02-16T14:00:00+00:00,2007-02-16T15:00:00+00:00,1.31229,1.31107,1.31151,1.31268,251430.7565,-308.50755,-1.5659,0.67,3600.00,-502.70805,9497.29195,0.050271,0.000000,0.000000,-3.252851
3,EURUSD,sell,2007-02-22T08:00:00+00:00,2007-02-22T09:00:00+00:00,1.30888,1.31707,1.31359,1.31667,21984.4721,-180.00407,-1.7374,0.505,3600.00,-682.71211,9317.28789,0.068271,0.000000,0.000000,-3.766905
4,EURUSD,buy,2007-02-22T15:00:00+00:00,2007-02-22T16:00:00+00:00,1.31106,1.31243,1.30930,1.31341,51007.0505,69.84666,,0.52,3600.00,-612.86545,9379.59734,0.062040,0.250000,0.102308,-3.629556
5,EURUSD,buy,2007-02-22T15:00:00+00:00,2007-02-22T16:00:00+00:00,1.31106,1.31062,1.31106,1.31341,17002.3502,-7.53721,,0.52,3600.00,-620.40266,9379.59734,0.062040,0.200000,0.101190,-3.629556
6,EURUSD,buy,2007-04-27T13:00:00+00:00,2007-04-27T15:00:00+00:00,1.36721,1.36354,1.36400,1.36820,33498.5619,-122.91376,-1.1430,0.516,7200.00,-743.31642,9256.68358,0.074332,0.166667,0.085895,-2.765906
7,EURUSD,sell,2007-05-17T13:00:00+00:00,2007-05-17T14:00:00+00:00,1.34828,1.35796,1.35229,1.35755,25641.7828,-248.26038,-2.4117,0.555,3600.00,-991.57680,9008.42320,0.099158,0.142857,0.065805,-2.897193
8,EURUSD,buy,2007-05-30T19:00:00+00:00,2007-05-30T21:00:00+00:00,1.34342,1.34207,1.34252,1.34402,180168.4640,-244.24484,-1.5014,0.65,7200.00,-1235.82164,8764.17836,0.123582,0.125000,0.053495,-3.066664
9,EURUSD,sell,2007-06-01T13:00:00+00:00,2007-06-01T14:00:00+00:00,1.34215,1.34128,1.34342,1.34079,75553.2617,65.76932,,0.516,3600.00,-1170.05232,8818.54772,0.118145,0.222222,0.103867,-2.877607
10,EURUSD,sell,2007-06-01T13:00:00+00:00,2007-06-01T14:00:00+00:00,1.34215,1.34260,1.34215,1.34079,25184.4206,-11.39996,,0.516,3600.00,-1181.45228,8818.54772,0.118145,0.200000,0.102968,-2.877607
11,EURUSD,buy,2007-06-08T19:00:00+00:00,2007-06-11T00:00:00+00:00,1.33708,1.33405,1.33450,1.34104,40452.0537,-122.62389,-1.1745,0.65,190800.00,-1304.07617,8695.92383,0.130408,0.181818,0.094198,-2.902228
12,EURUSD,buy,2007-07-12T08:00:00+00:00,2007-07-12T09:00:00+00:00,1.37908,1.37074,1.37476,1.37115,22240.2144,-185.59339,-1.9301,0.505,3600.00,-1489.66956,8510.33044,0.148967,0.166667,0.083441,-2.897535
13,EURUSD,sell,2007-07-27T13:00:00+00:00,2007-07-27T16:00:00+00:00,1.36491,1.36331,1.36692,1.36311,39892.1739,63.85643,,0.516,10800.00,-1425.81313,8592.68981,0.140731,0.230769,0.122731,-2.570910
14,EURUSD,sell,2007-07-27T13:00:00+00:00,2007-07-27T16:00:00+00:00,1.36491,1.36352,1.36491,1.36311,13297.3913,18.50293,,0.516,10800.00,-1407.31019,8592.68981,0.140731,0.285714,0.134115,-2.570910
15,EURUSD,buy,2007-08-23T12:00:00+00:00,2007-08-23T13:00:00+00:00,1.35633,1.35122,1.35413,1.35163,48003.8537,-244.92838,-2.3226,0.505,3600.00,-1652.23858,8347.76142,0.165224,0.266667,0.116551,-2.637310
16,EURUSD,sell,2007-09-28T13:00:00+00:00,2007-09-28T14:00:00+00:00,1.41937,1.42143,1.42095,1.41750,72589.2298,-148.97052,-1.3022,0.62,3600.00,-1801.20910,8198.79090,0.180121,0.250000,0.107952,-2.623607
17,EURUSD,buy,2007-10-11T12:00:00+00:00,2007-10-11T13:00:00+00:00,1.41797,1.40905,1.41429,1.40947,25227.0489,-224.97742,-2.4265,0.505,3600.00,-2026.18652,7965.89196,0.203411,0.235294,0.097130,-2.736982
18,EURUSD,sell,2007-10-11T13:00:00+00:00,2007-10-11T14:00:00+00:00,1.41688,1.42207,1.42159,1.40875,18630.4053,-96.53689,-1.1013,0.62,3600.00,-2122.72341,7877.27659,0.212272,0.222222,0.093124,-2.704761
19,EURUSD,buy,2007-10-25T13:00:00+00:00,2007-10-25T14:00:00+00:00,1.43193,1.41814,1.42941,1.41857,37690.3186,-519.56183,-5.4714,0.555,3600.00,-2642.28524,7357.71476,0.264229,0.210526,0.076208,-2.630027
20,EURUSD,sell,2007-10-25T19:00:00+00:00,2007-10-25T20:00:00+00:00,1.43068,1.43286,1.43238,1.42857,57934.7619,-126.24344,-1.2823,0.5700000000000001,3600.00,-2768.52868,7231.47132,0.276853,0.200000,0.072987,-2.508504
21,EURUSD,buy,2007-11-02T12:00:00+00:00,2007-11-02T14:00:00+00:00,1.44835,1.44604,1.44652,1.45251,51653.3666,-119.74888,-1.2638,0.516,7200.00,-2888.27756,7111.72244,0.288828,0.190476,0.070173,-2.583272
22,EURUSD,sell,2007-12-06T13:00:00+00:00,2007-12-06T14:00:00+00:00,1.46017,1.46252,1.46203,1.47062,50082.5524,-117.53408,-1.2630,0.555,3600.00,-3005.81164,6994.18836,0.300581,0.181818,0.067615,-2.548419
23,EURUSD,sell,2007-12-20T20:00:00+00:00,2007-12-20T21:00:00+00:00,1.43155,1.44392,1.43503,1.44349,22931.7651,-283.72650,-3.5558,0.505,3600.00,-3289.53814,6710.46186,0.328954,0.173913,0.062145,-2.642122
24,EURUSD,sell,2007-12-21T14:00:00+00:00,2007-12-21T15:00:00+00:00,1.43753,1.43914,1.43866,1.43656,95863.7408,-154.62831,-1.4257,0.54,3600.00,-3444.16645,6520.06384,0.347994,0.166667,0.059521,-2.766059
25,EURUSD,sell,2007-12-21T15:00:00+00:00,2007-12-21T16:00:00+00:00,1.43636,1.43564,1.43758,1.43521,82985.2348,59.61659,0.5884,0.54,3600.00,-3384.54986,6615.45014,0.338455,0.200000,0.075800,-2.720520
26,EURUSD,buy,2007-12-27T07:00:00+00:00,2007-12-27T08:00:00+00:00,1.45095,1.44794,1.44842,1.44524,31652.8715,-95.26451,-1.1919,0.505,3600.00,-3479.81437,6520.18563,0.347981,0.192308,0.073879,-2.778969
27,EURUSD,sell,2008-02-07T15:00:00+00:00,2008-02-07T16:00:00+00:00,1.44975,1.47491,1.45390,1.47447,17574.6243,-442.13182,-6.0693,0.555,3600.00,-3921.94619,6078.05381,0.392195,0.185185,0.066101,-2.693239
28,EURUSD,buy,2008-03-06T13:00:00+00:00,2008-03-06T14:00:00+00:00,1.53538,1.51850,1.52724,1.51896,7914.1326,-133.56020,-2.0731,0.555,3600.00,-4055.50639,5944.49361,0.405551,0.178571,0.064063,-2.691960
29,EURUSD,sell,2008-03-20T14:00:00+00:00,2008-03-20T15:00:00+00:00,1.54256,1.57709,1.56008,1.57662,3484.4628,-120.33903,-1.9709,0.505,3600.00,-4175.84542,5824.15458,0.417585,0.172414,0.062332,-2.730709
30,EURUSD,sell,2008-04-24T12:00:00+00:00,2008-04-24T13:00:00+00:00,1.57154,1.59961,1.57559,1.59913,16268.5882,-456.68110,-6.9285,0.555,3600.00,-4632.52652,5367.47348,0.463253,0.166667,0.056535,-2.661907
31,EURUSD,buy,2008-05-15T07:00:00+00:00,2008-05-15T08:00:00+00:00,1.55231,1.53772,1.54696,1.53818,10998.9211,-160.44133,-2.7288,0.505,3600.00,-4792.96785,5207.03215,0.479297,0.161290,0.054746,-2.692702
32,EURUSD,sell,2008-05-29T08:00:00+00:00,2008-05-29T09:00:00+00:00,1.55641,1.57290,1.56124,1.57243,11942.7343,-196.92127,-3.4159,0.505,3600.00,-4989.88912,5010.11088,0.498989,0.156250,0.052699,-2.748407
33,EURUSD,buy,2008-06-13T19:00:00+00:00,2008-06-13T20:00:00+00:00,1.53643,1.53832,1.53408,1.53975,19881.3924,37.55906,,0.65,3600.00,-4952.33006,5044.28404,0.495572,0.181818,0.059830,-2.677464
34,EURUSD,buy,2008-06-13T19:00:00+00:00,2008-06-13T20:00:00+00:00,1.53643,1.53592,1.53643,1.53975,6627.1308,-3.38590,,0.65,3600.00,-4955.71596,5044.28404,0.495572,0.176471,0.059791,-2.677464
35,EURUSD,buy,2008-06-26T12:00:00+00:00,2008-06-26T13:00:00+00:00,1.57239,1.56013,1.56917,1.56060,18342.8511,-224.87888,-3.8055,0.505,3600.00,-5180.59483,4819.40517,0.518059,0.171429,0.057345,-2.735599
36,EURUSD,sell,2008-07-24T08:00:00+00:00,2008-07-24T09:00:00+00:00,1.56614,1.57009,1.56957,1.57575,16281.7742,-64.32716,-1.1519,0.555,3600.00,-5244.92199,4755.07801,0.524492,0.166667,0.056681,-2.709851
37,EURUSD,buy,2008-08-21T07:00:00+00:00,2008-08-21T08:00:00+00:00,1.47854,1.47980,1.47684,1.47170,28304.0358,35.64486,,0.505,3600.00,-5209.27714,4786.06640,0.521393,0.189189,0.063092,-2.617534
38,EURUSD,buy,2008-08-21T07:00:00+00:00,2008-08-21T08:00:00+00:00,1.47854,1.47805,1.47854,1.47170,9434.6786,-4.65647,,0.505,3600.00,-5213.93360,4786.06640,0.521393,0.184211,0.063039,-2.617534
39,EURUSD,buy,2008-09-03T13:00:00+00:00,2008-09-03T14:00:00+00:00,1.44755,1.44627,1.44675,1.44786,129353.1459,-166.62574,-1.6019,0.52,3600.00,-5380.55934,4619.44066,0.538056,0.179487,0.061206,-2.667503
40,EURUSD,sell,2008-09-11T13:00:00+00:00,2008-09-11T14:00:00+00:00,1.38979,1.40153,1.39453,1.40111,10693.1497,-125.50973,-2.4778,0.505,3600.00,-5506.06907,4487.67466,0.551233,0.175000,0.059895,-2.719818
41,EURUSD,buy,2008-09-11T14:00:00+00:00,2008-09-11T16:00:00+00:00,1.39258,1.39558,1.38916,1.39816,11234.8273,33.69156,,0.6200000000000001,7200.00,-5472.37752,4525.87075,0.547413,0.195122,0.065647,-2.706541
42,EURUSD,buy,2008-09-11T14:00:00+00:00,2008-09-11T16:00:00+00:00,1.39258,1.39211,1.39258,1.39816,3744.9424,-1.75173,,0.6200000000000001,7200.00,-5474.12925,4525.87075,0.547413,0.190476,0.065628,-2.706541
43,EURUSD,buy,2008-09-18T12:00:00+00:00,2008-09-18T13:00:00+00:00,1.44467,1.41252,1.43314,1.41294,4077.3610,-131.11633,-2.7882,0.505,3600.00,-5605.24557,4394.75443,0.560525,0.186047,0.064191,-2.760354
44,EURUSD,sell,2008-10-02T17:00:00+00:00,2008-10-02T18:00:00+00:00,1.38289,1.42118,1.38550,1.42075,19976.1565,-764.91130,-14.6430,0.505,3600.00,-6370.15688,3629.84312,0.637016,0.181818,0.056922,-2.418339
45,EURUSD,sell,2008-10-24T14:00:00+00:00,2008-10-24T17:00:00+00:00,1.27287,1.26378,1.28234,1.24941,2994.9201,27.23268,,0.516,10800.00,-6342.92420,3665.66925,0.633433,0.200000,0.060954,-2.350438
46,EURUSD,sell,2008-10-24T14:00:00+00:00,2008-10-24T18:00:00+00:00,1.27287,1.26459,1.26416,1.24941,998.3067,8.26474,0.9507,0.516,14400.00,-6334.65945,3665.34055,0.633466,0.217391,0.062177,-2.350698
47,EURUSD,sell,2008-12-05T13:00:00+00:00,2008-12-05T14:00:00+00:00,1.26622,1.26918,1.26875,1.25490,17048.0956,-50.47293,-1.1702,0.516,3600.00,-6385.13239,3614.86761,0.638513,0.212766,0.061716,-2.308024
48,EURUSD,buy,2008-12-11T07:00:00+00:00,2008-12-11T08:00:00+00:00,1.31209,1.29306,1.30391,1.29345,4640.3949,-88.31388,-2.3256,0.505,3600.00,-6473.44627,3526.55373,0.647345,0.208333,0.060925,-2.345971
49,EURUSD,buy,2008-12-18T13:00:00+00:00,2008-12-18T14:00:00+00:00,1.45830,1.44022,1.44070,1.41765,2055.1012,-37.15531,-1.0274,0.505,3600.00,-6510.60158,3489.39842,0.651060,0.204082,0.060599,-2.357392
50,EURUSD,buy,2008-12-25T20:00:00+00:00,2008-12-25T21:00:00+00:00,1.40231,1.39839,1.40055,1.39881,26040.2867,-102.08339,-2.2267,0.505,3600.00,-6612.68498,3387.31502,0.661268,0.200000,0.059719,-2.399363
51,EURUSD,sell,2008-12-26T19:00:00+00:00,2008-12-26T20:00:00+00:00,1.40618,1.40533,1.40745,1.40490,29888.0737,25.42005,,0.65,3600.00,-6587.26492,3366.96962,0.663303,0.215686,0.063334,-2.411193
52,EURUSD,sell,2008-12-26T19:00:00+00:00,2008-12-26T20:00:00+00:00,1.40618,1.40665,1.40618,1.40490,9962.6912,-4.70108,,0.65,3600.00,-6591.96600,3366.96962,0.663303,0.211538,0.063291,-2.411193
53,EURUSD,sell,2008-12-26T20:00:00+00:00,2008-12-26T21:00:00+00:00,1.40533,1.40498,1.40610,1.40505,73029.2999,25.58640,,0.65,3600.00,-6566.37960,3422.13986,0.657786,0.226415,0.066927,-2.371475
54,EURUSD,sell,2008-12-26T20:00:00+00:00,2008-12-26T21:00:00+00:00,1.40533,1.40580,1.40533,1.40505,24343.1000,-11.48053,,0.65,3600.00,-6577.86014,3422.13986,0.657786,0.222222,0.066818,-2.371475
55,EURUSD,sell,2009-01-07T19:00:00+00:00,2009-01-07T20:00:00+00:00,1.36094,1.36306,1.36260,1.35885,27377.1189,-57.96284,-1.2766,0.5700000000000001,3600.00,-6635.82297,3364.17703,0.663582,0.218182,0.066273,-2.386063
56,EURUSD,sell,2009-02-05T20:00:00+00:00,2009-02-05T21:00:00+00:00,1.27927,1.29154,1.28440,1.29115,7082.4780,-86.91079,-2.3902,0.505,3600.00,-6722.73376,3277.26624,0.672273,0.214286,0.065473,-2.386532
57,EURUSD,buy,2009-02-12T18:00:00+00:00,2009-02-12T19:00:00+00:00,1.28368,1.28403,1.28295,1.28400,70227.1338,24.55590,,0.7,3600.00,-6698.17786,3291.63709,0.670836,0.228070,0.068886,-2.365185
58,EURUSD,buy,2009-02-12T18:00:00+00:00,2009-02-12T19:00:00+00:00,1.28368,1.28325,1.28368,1.28400,23409.0446,-10.18505,,0.7,3600.00,-6708.36291,3291.63709,0.670836,0.224138,0.068789,-2.365185
59,EURUSD,buy,2009-03-06T13:00:00+00:00,2009-03-06T14:00:00+00:00,1.27298,1.27327,1.26410,1.27365,3872.5142,1.10802,0.0322,0.516,3600.00,-6707.25489,3292.74511,0.670725,0.237288,0.068942,-2.330802
60,EURUSD,buy,2009-03-19T17:00:00+00:00,2009-03-19T18:00:00+00:00,1.36416,1.32180,1.34730,1.32220,2001.6688,-84.78225,-2.5123,0.505,3600.00,-6792.03714,3207.96286,0.679204,0.233333,0.068141,-2.356882
61,EURUSD,buy,2009-04-02T17:00:00+00:00,2009-04-02T18:00:00+00:00,1.34745,1.30516,1.34060,1.30555,4973.5858,-210.36169,-6.1709,0.505,3600.00,-7002.39883,2997.60117,0.700240,0.229508,0.066229,-2.403677
62,EURUSD,buy,2009-04-09T07:00:00+00:00,2009-04-09T08:00:00+00:00,1.33180,1.32000,1.32595,1.32040,5500.1856,-64.87766,-2.0165,0.505,3600.00,-7067.27649,2932.72351,0.706728,0.225806,0.065661,-2.431076
63,EURUSD,sell,2009-04-29T19:00:00+00:00,2009-04-30T00:00:00+00:00,1.32455,1.32840,1.32795,1.31895,9775.7450,-37.59639,-1.1320,0.7,18000.00,-7104.87288,2895.12712,0.710487,0.222222,0.065336,-2.413316
64,EURUSD,buy,2009-04-30T08:00:00+00:00,2009-04-30T09:00:00+00:00,1.33395,1.32315,1.32645,1.32355,4077.6438,-44.02685,-1.4396,0.505,3600.00,-7148.89973,2851.10027,0.714890,0.218750,0.064960,-2.441050
65,EURUSD,buy,2009-05-07T17:00:00+00:00,2009-05-07T18:00:00+00:00,1.33690,1.31760,1.33085,1.31800,5046.1952,-97.37315,-3.1890,0.505,3600.00,-7246.27288,2753.72712,0.724627,0.215385,0.064143,-2.481525
66,EURUSD,buy,2009-07-02T17:00:00+00:00,2009-07-02T18:00:00+00:00,1.40284,1.40088,1.40135,1.40456,25735.7675,-50.47083,-1.3155,0.62,3600.00,-7296.74371,2703.25629,0.729674,0.212121,0.063728,-2.433387
67,EURUSD,buy,2009-07-16T19:00:00+00:00,2009-07-16T20:00:00+00:00,1.41453,1.39696,1.40935,1.39738,5679.1099,-99.80154,-3.3898,0.505,3600.00,-7396.54524,2603.45476,0.739655,0.208955,0.062922,-2.464496
68,EURUSD,buy,2009-08-13T13:00:00+00:00,2009-08-13T14:00:00+00:00,1.42774,1.41117,1.42387,1.41159,7568.1824,-125.41742,-4.2841,0.555,3600.00,-7521.96266,2478.03734,0.752196,0.205882,0.061938,-2.481714
69,EURUSD,buy,2009-09-03T07:00:00+00:00,2009-09-03T08:00:00+00:00,1.42988,1.42328,1.42825,1.42371,20650.3111,-136.20838,-4.0495,0.505,3600.00,-7658.17104,2341.82896,0.765817,0.202899,0.060903,-2.508586
70,EURUSD,sell,2009-09-09T18:00:00+00:00,2009-09-10T12:00:00+00:00,1.45381,1.46049,1.46000,1.44275,4072.7460,-27.18269,-1.0789,0.52,64800.00,-7685.35373,2314.64627,0.768535,0.200000,0.060701,-2.517703
71,EURUSD,buy,2009-09-17T07:00:00+00:00,2009-09-17T08:00:00+00:00,1.47461,1.46812,1.47017,1.46856,5786.6157,-37.57145,-1.4616,0.505,3600.00,-7722.92518,2277.07482,0.772293,0.197183,0.060423,-2.534120
72,EURUSD,sell,2009-10-06T17:00:00+00:00,2009-10-06T23:00:00+00:00,1.47076,1.47386,1.47337,1.46686,10493.4324,-32.56517,-1.1884,0.7,21600.00,-7755.49035,2244.50965,0.775549,0.194444,0.060185,-2.532239
73,EURUSD,buy,2009-10-08T17:00:00+00:00,2009-10-08T18:00:00+00:00,1.47917,1.47175,1.47575,1.47219,7531.9116,-55.92652,-2.1688,0.505,3600.00,-7811.41687,2188.58313,0.781142,0.191781,0.059780,-2.564822
74,EURUSD,sell,2009-10-13T18:00:00+00:00,2009-10-13T21:00:00+00:00,1.48179,1.48664,1.48614,1.47441,5597.3993,-27.15033,-1.1139,0.65,10800.00,-7838.56720,2161.43280,0.783857,0.189189,0.059585,-2.578202
75,EURUSD,buy,2009-11-13T07:00:00+00:00,2009-11-13T14:00:00+00:00,1.48762,1.48431,1.48481,1.50495,9158.6135,-30.23789,-1.1766,0.516,25200.00,-7868.80509,2131.19491,0.786881,0.186667,0.059370,-2.560449
76,EURUSD,buy,2009-11-24T09:00:00+00:00,2009-11-24T10:00:00+00:00,1.49416,1.49455,1.49332,1.49449,40984.5175,15.96815,,0.64,3600.00,-7852.83694,2156.14491,0.784386,0.197368,0.061279,-2.524065
77,EURUSD,buy,2009-11-24T09:00:00+00:00,2009-11-24T10:00:00+00:00,1.49416,1.49366,1.49416,1.49449,13661.5058,-6.80661,,0.64,3600.00,-7859.64355,2156.14491,0.784386,0.194805,0.061229,-2.524065
78,EURUSD,buy,2009-11-24T08:00:00+00:00,2009-11-24T12:00:00+00:00,1.49211,1.49538,1.48839,1.49820,4888.0617,15.97785,,0.5900000000000001,14400.00,-7843.66569,2165.52882,0.783447,0.205128,0.063137,-2.514441
79,EURUSD,buy,2009-11-24T08:00:00+00:00,2009-11-24T12:00:00+00:00,1.49211,1.49775,1.49211,1.49820,1629.3539,9.19451,,0.5900000000000001,14400.00,-7834.47118,2165.52882,0.783447,0.215190,0.064235,-2.514441
80,EURUSD,buy,2009-11-27T14:00:00+00:00,2009-11-27T15:00:00+00:00,1.49120,1.49210,1.48985,1.49255,18046.0735,16.23175,,0.57,3600.00,-7818.23943,2178.76887,0.782123,0.225000,0.066174,-2.499520
81,EURUSD,buy,2009-11-27T14:00:00+00:00,2009-11-27T15:00:00+00:00,1.49120,1.49070,1.49120,1.49255,6015.3578,-2.99170,,0.57,3600.00,-7821.23113,2178.76887,0.782123,0.222222,0.066150,-2.499520
82,EURUSD,sell,2009-12-17T13:00:00+00:00,2009-12-17T14:00:00+00:00,1.43406,1.43707,1.43659,1.44477,10375.0898,-31.24291,-1.1901,0.505,3600.00,-7852.47404,2147.52596,0.785247,0.219512,0.065905,-2.497443
83,EURUSD,buy,2009-12-17T19:00:00+00:00,2009-12-17T23:00:00+00:00,1.43518,1.43215,1.43263,1.43899,10129.8394,-30.69543,-1.1881,0.62,14400.00,-7883.16947,2116.83053,0.788317,0.216867,0.065665,-2.512579
84,EURUSD,buy,2009-12-31T07:00:00+00:00,2009-12-31T08:00:00+00:00,1.44138,1.42953,1.43591,1.42996,4200.0606,-49.77606,-2.1657,0.505,3600.00,-7932.94554,2067.05446,0.793295,0.214286,0.065280,-2.527914
85,EURUSD,sell,2010-02-04T13:00:00+00:00,2010-02-04T14:00:00+00:00,1.38176,1.39631,1.38539,1.39589,6419.4238,-93.42456,-4.0041,0.555,3600.00,-8026.37010,1973.62990,0.802637,0.211765,0.064569,-2.532474
86,EURUSD,buy,2010-03-09T20:00:00+00:00,2010-03-09T22:00:00+00:00,1.36014,1.35888,1.35934,1.36051,50605.8950,-63.54613,-1.5737,0.62,7200.00,-8089.91622,1910.08378,0.808992,0.209302,0.064094,-2.532737
87,EURUSD,sell,2010-03-18T06:00:00+00:00,2010-03-18T07:00:00+00:00,1.36774,1.36602,1.36987,1.37633,8328.8537,14.33198,,0.505,3600.00,-8075.58424,1923.13773,0.807686,0.218391,0.065752,-2.510978
88,EURUSD,sell,2010-03-18T06:00:00+00:00,2010-03-18T07:00:00+00:00,1.36774,1.36820,1.36774,1.37633,2776.2846,-1.27803,,0.505,3600.00,-8076.86227,1923.13773,0.807686,0.215909,0.065743,-2.510978
89,EURUSD,buy,2010-04-06T19:00:00+00:00,2010-04-06T20:00:00+00:00,1.34072,1.33922,1.33967,1.34162,29586.7343,-44.49792,-1.4295,0.7,3600.00,-8121.36019,1878.63981,0.812136,0.213483,0.065406,-2.519772
90,EURUSD,sell,2010-04-08T08:00:00+00:00,2010-04-08T09:00:00+00:00,1.32908,1.33846,1.33389,1.33806,4259.9542,-39.95949,-1.9506,0.505,3600.00,-8161.31967,1838.68033,0.816132,0.211111,0.065107,-2.545064
91,EURUSD,sell,2010-04-15T12:00:00+00:00,2010-04-15T13:00:00+00:00,1.35469,1.37840,1.35975,1.37799,3954.1512,-93.75264,-4.6890,0.555,3600.00,-8255.07231,1744.92769,0.825507,0.208791,0.064415,-2.580429
92,EURUSD,sell,2010-05-06T13:00:00+00:00,2010-05-06T14:00:00+00:00,1.27417,1.29798,1.28030,1.29759,3034.6569,-72.26016,-3.8829,0.555,3600.00,-8327.33247,1672.66753,0.832733,0.206522,0.063892,-2.597365
93,EURUSD,sell,2010-07-02T19:00:00+00:00,2010-07-02T20:00:00+00:00,1.25455,1.25575,1.25532,1.25415,42888.9109,-51.17033,-1.5566,0.5700000000000001,3600.00,-8378.50280,1614.65726,0.838534,0.204301,0.063526,-2.572741
94,EURUSD,sell,2010-07-02T17:00:00+00:00,2010-07-06T08:00:00+00:00,1.25357,1.26090,1.26047,1.24091,2565.4410,-18.79016,-1.0621,0.5700000000000001,313200.00,-8397.29297,1602.70703,0.839729,0.202128,0.063393,-2.586416
95,EURUSD,sell,2010-07-16T14:00:00+00:00,2010-07-16T15:00:00+00:00,1.29468,1.29409,1.29566,1.29389,20373.3945,12.02866,,0.7,3600.00,-8385.26431,1611.75833,0.838824,0.210526,0.064735,-2.567267
96,EURUSD,sell,2010-07-16T14:00:00+00:00,2010-07-16T15:00:00+00:00,1.29468,1.29512,1.29468,1.29389,6791.1315,-2.97736,,0.7,3600.00,-8388.24167,1611.75833,0.838824,0.208333,0.064713,-2.567267
97,EURUSD,buy,2010-07-29T12:00:00+00:00,2010-07-29T13:00:00+00:00,1.30881,1.29214,1.30644,1.29253,8140.1936,-135.69935,-7.0264,0.505,3600.00,-8523.94102,1476.05898,0.852394,0.206186,0.063749,-2.581735
98,EURUSD,sell,2010-08-12T12:00:00+00:00,2010-08-12T13:00:00+00:00,1.28128,1.28399,1.28355,1.29878,7809.8359,-21.16136,-1.1913,0.555,3600.00,-8545.10238,1454.89762,0.854510,0.204082,0.063601,-2.585378
99,EURUSD,buy,2010-09-16T13:00:00+00:00,2010-09-16T14:00:00+00:00,1.30683,1.30893,1.30434,1.28642,5196.0629,10.90724,,0.555,3600.00,-8534.19514,1465.03924,0.853496,0.212121,0.064796,-2.540501
100,EURUSD,buy,2010-09-16T13:00:00+00:00,2010-09-16T14:00:00+00:00,1.30683,1.30639,1.30683,1.28642,1732.0210,-0.76561,,0.555,3600.00,-8534.96076,1465.03924,0.853496,0.210000,0.064791,-2.540501
101,EURUSD,buy,2010-10-07T08:00:00+00:00,2010-10-07T09:00:00+00:00,1.39672,1.38362,1.39178,1.38404,3241.2373,-42.44109,-2.6512,0.505,3600.00,-8577.40185,1422.59815,0.857740,0.207921,0.064491,-2.550113
102,EURUSD,buy,2010-10-14T08:00:00+00:00,2010-10-14T09:00:00+00:00,1.40775,1.40881,1.40627,1.40164,10065.5530,10.66374,,0.505,3600.00,-8566.73811,1431.67720,0.856832,0.215686,0.065654,-2.534154
103,EURUSD,buy,2010-10-14T08:00:00+00:00,2010-10-14T09:00:00+00:00,1.40775,1.40728,1.40775,1.40164,3355.1843,-1.58469,,0.505,3600.00,-8568.32280,1431.67720,0.856832,0.213592,0.065642,-2.534154
104,EURUSD,buy,2010-10-21T12:00:00+00:00,2010-10-21T13:00:00+00:00,1.39946,1.37825,1.39482,1.37866,3392.6000,-71.96828,-4.5721,0.505,3600.00,-8640.29108,1359.70892,0.864029,0.211538,0.065131,-2.564814
105,EURUSD,buy,2010-11-04T12:00:00+00:00,2010-11-04T13:00:00+00:00,1.42663,1.40011,1.42176,1.40053,3062.4075,-81.20898,-5.4476,0.555,3600.00,-8721.50006,1278.49994,0.872150,0.209524,0.064564,-2.588129
106,EURUSD,sell,2010-11-04T19:00:00+00:00,2010-11-04T23:00:00+00:00,1.41987,1.42314,1.42266,1.41558,5417.3726,-17.67636,-1.1711,0.65,14400.00,-8739.17642,1253.91172,0.874609,0.207547,0.064442,-2.582210
107,EURUSD,sell,2010-11-04T17:00:00+00:00,2010-11-05T10:00:00+00:00,1.41868,1.41140,1.42639,1.40455,1317.1359,9.59196,,0.65,61200.00,-8729.58446,1274.19760,0.872580,0.214953,0.065469,-2.563374
108,EURUSD,sell,2010-11-04T17:00:00+00:00,2010-11-05T11:00:00+00:00,1.41868,1.41306,1.41259,1.40455,439.0453,2.46764,0.9223,0.65,64800.00,-8727.11681,1272.88319,0.872712,0.222222,0.065733,-2.565037
109,EURUSD,buy,2010-12-02T18:00:00+00:00,2010-12-02T19:00:00+00:00,1.32024,1.29907,1.31108,1.29946,1453.0630,-30.75523,-2.3117,0.505,3600.00,-8757.87204,1242.12796,0.875787,0.220183,0.065517,-2.564759
110,EURUSD,sell,2010-12-23T15:00:00+00:00,2010-12-23T16:00:00+00:00,1.30630,1.30955,1.30911,1.31657,5132.7602,-16.70588,-1.1574,0.555,3600.00,-8774.57792,1225.42208,0.877458,0.218182,0.065400,-2.560929
111,EURUSD,buy,2010-12-30T15:00:00+00:00,2010-12-30T16:00:00+00:00,1.32851,1.31753,1.32367,1.31793,2759.9596,-30.28728,-2.2681,0.555,3600.00,-8804.86519,1195.13481,0.880487,0.216216,0.065190,-2.579271
112,EURUSD,sell,2011-01-06T08:00:00+00:00,2011-01-06T09:00:00+00:00,1.31175,1.31843,1.31447,1.31803,5129.3339,-34.25908,-2.4522,0.505,3600.00,-8839.12428,1160.87572,0.883912,0.214286,0.064954,-2.600015
113,EURUSD,sell,2011-02-08T19:00:00+00:00,2011-02-09T03:00:00+00:00,1.36215,1.36521,1.36475,1.35818,5300.8024,-16.21096,-1.1768,0.52,28800.00,-8855.33523,1144.66477,0.885534,0.212389,0.064843,-2.582382
114,EURUSD,sell,2011-03-10T08:00:00+00:00,2011-03-10T09:00:00+00:00,1.38341,1.39304,1.38801,1.39262,2738.4325,-26.35176,-2.0942,0.505,3600.00,-8881.68699,1118.31301,0.888169,0.210526,0.064663,-2.579769
115,EURUSD,buy,2011-03-31T12:00:00+00:00,2011-03-31T13:00:00+00:00,1.41842,1.40262,1.41248,1.40304,2029.6062,-32.06029,-2.6614,0.505,3600.00,-8913.74728,1086.25272,0.891375,0.208696,0.064445,-2.587777
116,EURUSD,sell,2011-04-12T19:00:00+00:00,2011-04-13T00:00:00+00:00,1.44724,1.44899,1.44851,1.44599,12931.5800,-22.74496,-1.3803,0.5700000000000001,18000.00,-8936.49223,1063.50777,0.893649,0.206897,0.064292,-2.589307
117,EURUSD,sell,2011-04-14T12:00:00+00:00,2011-04-14T13:00:00+00:00,1.44281,1.45635,1.44553,1.45591,4644.1387,-62.88045,-4.9724,0.505,3600.00,-8999.37269,1000.62731,0.899937,0.205128,0.063871,-2.620689
118,EURUSD,buy,2011-04-21T08:00:00+00:00,2011-04-21T09:00:00+00:00,1.46395,1.44818,1.45607,1.44861,1344.9292,-21.21442,-2.0020,0.555,3600.00,-9020.58711,979.41289,0.902059,0.203390,0.063731,-2.635206
119,EURUSD,sell,2011-05-12T12:00:00+00:00,2011-05-12T13:00:00+00:00,1.41543,1.41835,1.41787,1.43188,4848.5787,-14.15848,-1.1944,0.505,3600.00,-9034.74560,965.25440,0.903475,0.201681,0.063637,-2.632262
120,EURUSD,buy,2011-05-26T07:00:00+00:00,2011-05-26T08:00:00+00:00,1.41814,1.41503,1.41550,1.40901,4367.6670,-13.58322,-1.1801,0.505,3600.00,-9048.32881,951.67119,0.904833,0.200000,0.063548,-2.634995
121,EURUSD,sell,2011-06-14T19:00:00+00:00,2011-06-14T20:00:00+00:00,1.44454,1.44600,1.44552,1.44387,17303.1125,-25.38647,-1.4918,0.5900000000000001,3600.00,-9073.71528,926.28472,0.907372,0.198347,0.063381,-2.642678
122,EURUSD,sell,2011-06-16T06:00:00+00:00,2011-06-16T07:00:00+00:00,1.41367,1.43027,1.41864,1.42984,2035.7906,-33.80060,-3.3378,0.505,3600.00,-9107.51588,892.48412,0.910752,0.196721,0.063161,-2.668996
123,EURUSD,sell,2011-06-23T08:00:00+00:00,2011-06-23T09:00:00+00:00,1.42746,1.42404,1.43131,1.43557,1957.2020,6.69614,,0.505,3600.00,-9100.81974,898.86825,0.910113,0.203252,0.063849,-2.654158
124,EURUSD,sell,2011-06-23T08:00:00+00:00,2011-06-23T09:00:00+00:00,1.42746,1.42794,1.42746,1.43557,652.4007,-0.31201,,0.505,3600.00,-9101.13175,898.86825,0.910113,0.201613,0.063847,-2.654158
125,EURUSD,sell,2011-07-28T14:00:00+00:00,2011-07-28T15:00:00+00:00,1.42960,1.44709,1.43647,1.44666,1395.7582,-24.41601,-2.5467,0.555,3600.00,-9125.54776,874.45224,0.912555,0.200000,0.063687,-2.648684
126,EURUSD,buy,2011-08-03T12:00:00+00:00,2011-08-03T13:00:00+00:00,1.43387,1.42795,1.42843,1.44346,1745.4137,-10.33031,-1.0880,0.5700000000000001,3600.00,-9135.87807,864.12193,0.913588,0.198413,0.063620,-2.655884
127,EURUSD,buy,2011-08-03T19:00:00+00:00,2011-08-03T21:00:00+00:00,1.43223,1.43380,1.43023,1.43494,4127.9710,6.47791,,0.5700000000000001,7200.00,-9129.40016,878.72172,0.912128,0.204724,0.064284,-2.637912
128,EURUSD,buy,2011-08-03T19:00:00+00:00,2011-08-03T21:00:00+00:00,1.43223,1.43175,1.43223,1.43494,1375.9903,-0.66000,,0.5700000000000001,7200.00,-9130.06016,878.72172,0.912128,0.203125,0.064280,-2.637912
129,EURUSD,buy,2011-08-03T17:00:00+00:00,2011-08-04T03:00:00+00:00,1.43331,1.42932,1.42980,1.43904,2805.5907,-11.19091,-1.1365,0.62,36000.00,-9141.25107,858.74893,0.914125,0.201550,0.064206,-2.661182
130,EURUSD,sell,2011-09-01T12:00:00+00:00,2011-09-01T13:00:00+00:00,1.42965,1.44737,1.43744,1.44694,1166.7784,-20.67894,-2.2754,0.555,3600.00,-9161.93001,838.06999,0.916193,0.200000,0.064070,-2.659699
131,EURUSD,sell,2011-09-22T18:00:00+00:00,2011-09-22T19:00:00+00:00,1.34640,1.34581,1.34739,1.36987,10653.4321,6.28999,,0.505,3600.00,-9155.64001,842.74800,0.915725,0.206107,0.064713,-2.636358
132,EURUSD,sell,2011-09-22T18:00:00+00:00,2011-09-22T19:00:00+00:00,1.34640,1.34685,1.34640,1.36987,3551.1440,-1.61198,,0.505,3600.00,-9157.25200,842.74800,0.915725,0.204545,0.064702,-2.636358
133,EURUSD,buy,2011-10-27T07:00:00+00:00,2011-10-27T08:00:00+00:00,1.40111,1.38970,1.39504,1.39012,1491.5894,-17.01492,-1.8792,0.505,3600.00,-9174.26692,825.73308,0.917427,0.203008,0.064590,-2.627479
134,EURUSD,sell,2011-12-29T13:00:00+00:00,2011-12-29T14:00:00+00:00,1.28887,1.30036,1.29389,1.29997,1783.4408,-20.48597,-2.2897,0.555,3600.00,-9194.75289,805.24711,0.919475,0.201493,0.064455,-2.601101
135,EURUSD,buy,2012-01-04T20:00:00+00:00,2012-01-04T23:00:00+00:00,1.29490,1.29287,1.29331,1.29691,6710.3926,-13.59748,-1.2757,0.52,10800.00,-9208.35037,791.64963,0.920835,0.200000,0.064366,-2.612121
136,EURUSD,sell,2012-01-18T13:00:00+00:00,2012-01-18T14:00:00+00:00,1.27998,1.28105,1.28062,1.27984,30448.0628,-32.83242,-1.6741,0.7,3600.00,-9241.18279,758.81721,0.924118,0.198529,0.064152,-2.628552
137,EURUSD,buy,2012-01-19T09:00:00+00:00,2012-01-19T10:00:00+00:00,1.28864,1.28069,1.28495,1.28107,2299.4461,-18.28243,-2.1567,0.505,3600.00,-9259.46522,740.53478,0.925947,0.197080,0.064034,-2.647654
138,EURUSD,buy,2012-01-26T13:00:00+00:00,2012-01-26T14:00:00+00:00,1.31729,1.30436,1.31337,1.30475,2103.7920,-27.19465,-3.3017,0.555,3600.00,-9286.65987,713.34013,0.928666,0.195652,0.063858,-2.667594
139,EURUSD,sell,2012-02-16T08:00:00+00:00,2012-02-16T09:00:00+00:00,1.29969,1.30549,1.30275,1.30510,2671.6859,-15.49993,-1.8959,0.505,3600.00,-9302.15980,697.84020,0.930216,0.194245,0.063759,-2.670310
140,EURUSD,buy,2012-02-23T07:00:00+00:00,2012-02-23T08:00:00+00:00,1.32767,1.32974,1.32520,1.32288,2528.4065,5.23163,,0.505,3600.00,-9296.92817,702.69402,0.929731,0.200000,0.064285,-2.657293
141,EURUSD,buy,2012-02-23T07:00:00+00:00,2012-02-23T08:00:00+00:00,1.32767,1.32722,1.32767,1.32288,842.8022,-0.37782,,0.505,3600.00,-9297.30598,702.69402,0.929731,0.198582,0.064283,-2.657293
142,EURUSD,sell,2012-03-01T14:00:00+00:00,2012-03-01T15:00:00+00:00,1.33031,1.33381,1.33336,1.34114,2651.6755,-9.27884,-1.1476,0.505,3600.00,-9306.58482,693.41518,0.930658,0.197183,0.064223,-2.664370
143,EURUSD,buy,2012-03-08T13:00:00+00:00,2012-03-08T14:00:00+00:00,1.32508,1.30677,1.32062,1.30716,1707.9192,-31.27123,-4.1077,0.555,3600.00,-9337.85606,662.14394,0.933786,0.195804,0.064021,-2.685379
144,EURUSD,sell,2012-03-22T12:00:00+00:00,2012-03-22T13:00:00+00:00,1.31653,1.33236,1.32129,1.33196,1518.6788,-24.03259,-3.3280,0.505,3600.00,-9361.88864,638.11136,0.936189,0.194444,0.063868,-2.699311
145,EURUSD,sell,2012-03-29T17:00:00+00:00,2012-03-29T18:00:00+00:00,1.32726,1.32916,1.32871,1.33976,6077.2510,-11.52810,-1.3098,0.505,3600.00,-9373.41674,624.24923,0.937575,0.193103,0.063794,-2.711856
146,EURUSD,buy,2012-03-29T18:00:00+00:00,2012-03-29T22:00:00+00:00,1.32899,1.33006,1.32752,1.33073,4391.9387,4.69691,,0.65,14400.00,-9368.71982,633.17079,0.936683,0.198630,0.064263,-2.701650
147,EURUSD,buy,2012-03-29T18:00:00+00:00,2012-03-29T23:00:00+00:00,1.32899,1.32964,1.33009,1.33073,1463.9796,0.95512,0.5923,0.65,18000.00,-9367.76471,632.23529,0.936776,0.204082,0.064359,-2.702914
148,EURUSD,sell,2012-04-05T13:00:00+00:00,2012-04-05T14:00:00+00:00,1.30572,1.32572,1.30847,1.32532,2678.9631,-53.57773,-7.2677,0.505,3600.00,-9421.34244,578.65756,0.942134,0.202703,0.064016,-2.711292
149,EURUSD,buy,2012-04-12T14:00:00+00:00,2012-04-12T15:00:00+00:00,1.31789,1.30869,1.31327,1.30908,1371.2264,-12.61250,-1.9930,0.505,3600.00,-9433.95494,566.04506,0.943395,0.201342,0.063936,-2.723461
150,EURUSD,buy,2012-04-26T08:00:00+00:00,2012-04-26T09:00:00+00:00,1.32399,1.31809,1.32157,1.31849,2802.2033,-16.51233,-2.4379,0.505,3600.00,-9450.46727,549.53273,0.945047,0.200000,0.063831,-2.734112
151,EURUSD,sell,2012-05-24T19:00:00+00:00,2012-05-24T20:00:00+00:00,1.25277,1.26508,1.25844,1.26470,1038.8142,-12.78298,-2.1718,0.505,3600.00,-9463.25025,536.74975,0.946325,0.198675,0.063751,-2.731784
152,EURUSD,buy,2012-06-07T12:00:00+00:00,2012-06-07T13:00:00+00:00,1.25963,1.26193,1.25695,1.25253,1750.2709,4.02402,,0.555,3600.00,-9459.22623,540.52414,0.945948,0.203947,0.064149,-2.714414
153,EURUSD,buy,2012-06-07T12:00:00+00:00,2012-06-07T13:00:00+00:00,1.25963,1.25920,1.25963,1.25253,583.4236,-0.24963,,0.555,3600.00,-9459.47586,540.52414,0.945948,0.202614,0.064147,-2.714414
154,EURUSD,sell,2012-07-05T14:00:00+00:00,2012-07-05T15:00:00+00:00,1.23767,1.26803,1.25138,1.26765,405.1905,-12.30228,-2.2143,0.555,3600.00,-9471.77814,528.22186,0.947178,0.201299,0.064069,-2.712149
155,EURUSD,sell,2012-07-12T12:00:00+00:00,2012-07-12T13:00:00+00:00,1.21785,1.23131,1.22275,1.23094,1166.0527,-15.68894,-2.7484,0.505,3600.00,-9487.46708,512.53292,0.948747,0.200000,0.063970,-2.727659
156,EURUSD,buy,2012-07-26T14:00:00+00:00,2012-07-26T15:00:00+00:00,1.23031,1.22798,1.22840,1.19440,3328.1358,-7.74619,-1.2192,0.555,3600.00,-9495.21328,504.78672,0.949521,0.198718,0.063921,-2.730420
157,EURUSD,sell,2012-08-09T18:00:00+00:00,2012-08-09T19:00:00+00:00,1.22904,1.24651,1.23240,1.24614,1688.2499,-29.49823,-5.2020,0.505,3600.00,-9524.71150,475.28850,0.952471,0.197452,0.063736,-2.743917
158,EURUSD,buy,2012-08-23T07:00:00+00:00,2012-08-23T08:00:00+00:00,1.25599,1.25187,1.25301,1.25225,1828.0327,-7.51752,-1.3815,0.555,3600.00,-9532.22903,467.77097,0.953223,0.196203,0.063689,-2.746977
159,EURUSD,buy,2012-09-06T17:00:00+00:00,2012-09-06T18:00:00+00:00,1.26416,1.25670,1.26181,1.25708,2374.4720,-17.70468,-3.1740,0.555,3600.00,-9549.93370,450.06630,0.954993,0.194969,0.063578,-2.759557
160,EURUSD,sell,2012-09-20T08:00:00+00:00,2012-09-20T09:00:00+00:00,1.29616,1.30701,1.30246,1.30662,761.5335,-8.26336,-1.7227,0.555,3600.00,-9558.19706,441.80294,0.955820,0.193750,0.063527,-2.764086
161,EURUSD,buy,2012-10-04T07:00:00+00:00,2012-10-04T08:00:00+00:00,1.29508,1.28925,1.29208,1.28964,1692.7316,-9.86067,-1.9428,0.505,3600.00,-9568.05773,431.94227,0.956806,0.192547,0.063465,-2.770759
162,EURUSD,buy,2012-10-11T12:00:00+00:00,2012-10-11T13:00:00+00:00,1.29298,1.27925,1.28795,1.27963,930.9101,-12.78295,-2.7312,0.505,3600.00,-9580.84068,419.15932,0.958084,0.191358,0.063386,-2.785296
163,EURUSD,buy,2012-10-26T13:00:00+00:00,2012-10-26T14:00:00+00:00,1.29275,1.29331,1.29180,1.29348,5613.7409,3.14145,,0.65,3600.00,-9577.69923,415.19242,0.958481,0.196319,0.063693,-2.783091
164,EURUSD,buy,2012-10-26T13:00:00+00:00,2012-10-26T14:00:00+00:00,1.29275,1.29231,1.29275,1.29348,1871.2470,-0.81925,,0.65,3600.00,-9578.51848,415.19242,0.958481,0.195122,0.063688,-2.783091
165,EURUSD,buy,2012-10-26T14:00:00+00:00,2012-10-26T15:00:00+00:00,1.29358,1.29249,1.29293,1.29371,16210.8277,-17.60206,-1.6758,0.5700000000000001,3600.00,-9596.12054,403.87946,0.959612,0.193939,0.063579,-2.796319
166,EURUSD,sell,2012-11-07T15:00:00+00:00,2012-11-07T16:00:00+00:00,1.27507,1.27713,1.27670,1.27295,3231.0357,-6.67422,-1.2652,0.62,3600.00,-9602.79476,397.20524,0.960279,0.192771,0.063537,-2.800871
167,EURUSD,sell,2012-11-09T15:00:00+00:00,2012-11-09T16:00:00+00:00,1.27052,1.27208,1.27165,1.26895,5296.0699,-8.27659,-1.3814,0.516,3600.00,-9611.07135,388.92865,0.961107,0.191617,0.063486,-2.814590
168,EURUSD,buy,2012-11-16T18:00:00+00:00,2012-11-16T19:00:00+00:00,1.27330,1.27178,1.27221,1.27434,5477.8683,-8.34566,-1.3953,0.52,3600.00,-9619.41701,380.58299,0.961942,0.190476,0.063434,-2.825186
169,EURUSD,buy,2012-11-16T20:00:00+00:00,2012-11-16T21:00:00+00:00,1.27402,1.27388,1.27333,1.27426,12276.8705,-1.77241,-0.2086,0.52,3600.00,-9621.18943,378.81057,0.962119,0.189349,0.063423,-2.827308
170,EURUSD,buy,2012-11-22T13:00:00+00:00,2012-11-22T14:00:00+00:00,1.28879,1.27792,1.28417,1.27830,895.5333,-9.73446,-2.3546,0.505,3600.00,-9630.92388,369.07612,0.963092,0.188235,0.063363,-2.840480
171,EURUSD,buy,2012-11-29T13:00:00+00:00,2012-11-29T14:00:00+00:00,1.29896,1.29963,1.29790,1.29005,4131.4491,2.76627,,0.505,3600.00,-9628.15761,371.23690,0.962876,0.192982,0.063632,-2.830054
172,EURUSD,buy,2012-11-29T13:00:00+00:00,2012-11-29T14:00:00+00:00,1.29896,1.29852,1.29896,1.29005,1377.1497,-0.60550,,0.505,3600.00,-9628.76310,371.23690,0.962876,0.191860,0.063629,-2.830054
173,EURUSD,buy,2012-12-27T13:00:00+00:00,2012-12-27T14:00:00+00:00,1.32853,1.31760,1.32559,1.31800,1461.5626,-15.96587,-3.7176,0.555,3600.00,-9644.72898,355.27102,0.964473,0.190751,0.063530,-2.832795
174,EURUSD,sell,2013-01-03T13:00:00+00:00,2013-01-03T14:00:00+00:00,1.31068,1.31968,1.31196,1.31928,3991.8092,-35.92271,-7.0124,0.555,3600.00,-9680.65169,319.34831,0.968065,0.189655,0.063309,-2.824903
175,EURUSD,sell,2013-02-14T07:00:00+00:00,2013-02-14T08:00:00+00:00,1.33829,1.33951,1.33906,1.34945,8631.0355,-10.55869,-1.5854,0.505,3600.00,-9691.21038,308.78962,0.969121,0.188571,0.063245,-2.816411
176,EURUSD,sell,2013-02-21T13:00:00+00:00,2013-02-21T14:00:00+00:00,1.31894,1.32022,1.31977,1.33623,7181.1540,-9.13262,-1.5400,0.555,3600.00,-9700.34300,299.65700,0.970034,0.187500,0.063189,-2.829657
177,EURUSD,sell,2013-05-01T19:00:00+00:00,2013-05-01T20:00:00+00:00,1.31803,1.31923,1.31878,1.31773,8561.6287,-10.19842,-1.5978,0.65,3600.00,-9710.54142,289.45858,0.971054,0.186441,0.063127,-2.804560
178,EURUSD,sell,2013-05-08T18:00:00+00:00,2013-05-09T13:00:00+00:00,1.31556,1.31186,1.31964,1.30857,588.3304,2.17173,,0.52,68400.00,-9708.36969,295.92108,0.970408,0.191011,0.063336,-2.775661
179,EURUSD,sell,2013-05-08T19:00:00+00:00,2013-05-09T13:00:00+00:00,1.31511,1.31096,1.31964,1.30722,524.3815,2.17171,,0.52,64800.00,-9706.19798,295.92108,0.970408,0.195531,0.063546,-2.775661
180,EURUSD,sell,2013-05-08T18:00:00+00:00,2013-05-09T14:00:00+00:00,1.31556,1.31104,1.31060,1.30857,196.1101,0.88485,0.9106,0.52,72000.00,-9705.31312,295.39692,0.970460,0.200000,0.063631,-2.777931
181,EURUSD,sell,2013-05-08T19:00:00+00:00,2013-05-09T14:00:00+00:00,1.31511,1.31104,1.31060,1.30722,174.7938,0.71004,0.9016,0.52,68400.00,-9704.60308,295.39692,0.970460,0.204420,0.063700,-2.777931
182,EURUSD,buy,2013-05-30T12:00:00+00:00,2013-05-30T13:00:00+00:00,1.29916,1.30215,1.29578,1.29183,740.9622,2.21464,,0.505,3600.00,-9702.38844,297.50295,0.970250,0.208791,0.063913,-2.758702
183,EURUSD,buy,2013-05-30T12:00:00+00:00,2013-05-30T13:00:00+00:00,1.29916,1.29872,1.29916,1.29183,246.9874,-0.10861,,0.505,3600.00,-9702.49705,297.50295,0.970250,0.207650,0.063913,-2.758702
184,EURUSD,buy,2013-06-06T07:00:00+00:00,2013-06-06T08:00:00+00:00,1.31224,1.30569,1.30952,1.30608,1276.8367,-8.37015,-2.4069,0.505,3600.00,-9710.86720,289.13280,0.971087,0.206522,0.063861,-2.771213
185,EURUSD,sell,2013-06-20T12:00:00+00:00,2013-06-20T13:00:00+00:00,1.31927,1.32214,1.32169,1.33319,1431.3505,-4.09713,-1.1848,0.555,3600.00,-9714.96433,285.03567,0.971496,0.205405,0.063836,-2.772787
186,EURUSD,buy,2013-08-02T12:00:00+00:00,2013-08-02T13:00:00+00:00,1.32724,1.32295,1.32340,1.33447,828.5921,-3.55056,-1.1165,0.516,3600.00,-9718.51490,281.48510,0.971851,0.204301,0.063814,-2.756064
187,EURUSD,buy,2013-08-08T07:00:00+00:00,2013-08-08T08:00:00+00:00,1.33492,1.32992,1.33330,1.33032,2307.2550,-11.53501,-3.0854,0.505,3600.00,-9730.04991,269.95009,0.973005,0.203209,0.063743,-2.772046
188,EURUSD,sell,2013-08-29T08:00:00+00:00,2013-08-29T09:00:00+00:00,1.32607,1.34246,1.33360,1.34206,378.6116,-6.20566,-2.1773,0.505,3600.00,-9736.25556,263.74444,0.973626,0.202128,0.063705,-2.773954
189,EURUSD,buy,2013-09-19T12:00:00+00:00,2013-09-19T13:00:00+00:00,1.35454,1.34887,1.35222,1.34927,1380.8609,-7.83089,-2.4484,0.505,3600.00,-9744.08645,255.91355,0.974409,0.201058,0.063657,-2.778346
190,EURUSD,buy,2013-10-17T08:00:00+00:00,2013-10-17T09:00:00+00:00,1.36257,1.34502,1.35506,1.34542,360.4416,-6.32657,-2.3376,0.505,3600.00,-9750.41302,249.58698,0.975041,0.200000,0.063619,-2.776892
191,EURUSD,buy,2013-10-24T06:00:00+00:00,2013-10-24T07:00:00+00:00,1.38101,1.37795,1.37841,1.37560,1139.6666,-3.49614,-1.1780,0.505,3600.00,-9753.90916,246.09084,0.975391,0.198953,0.063597,-2.782421
192,EURUSD,sell,2013-10-31T12:00:00+00:00,2013-10-31T13:00:00+00:00,1.36383,1.37905,1.37125,1.37864,351.0568,-5.34409,-2.0518,0.505,3600.00,-9759.25325,240.74675,0.975925,0.197917,0.063565,-2.791796
193,EURUSD,buy,2013-12-05T07:00:00+00:00,2013-12-05T08:00:00+00:00,1.36264,1.35634,1.35855,1.35675,654.2031,-4.11866,-1.5398,0.505,3600.00,-9763.37192,236.62808,0.976337,0.196891,0.063539,-2.782936
194,EURUSD,buy,2014-01-15T20:00:00+00:00,2014-01-16T13:00:00+00:00,1.36081,1.36266,1.35855,1.36410,959.3030,1.77394,,0.5700000000000001,61200.00,-9761.59797,238.25550,0.976174,0.201031,0.063710,-2.751309
195,EURUSD,buy,2014-01-15T20:00:00+00:00,2014-01-16T13:00:00+00:00,1.36081,1.36035,1.36081,1.36410,319.7677,-0.14653,,0.5700000000000001,61200.00,-9761.74450,238.25550,0.976174,0.200000,0.063709,-2.751309
196,EURUSD,sell,2014-02-20T09:00:00+00:00,2014-02-20T10:00:00+00:00,1.36974,1.38302,1.37382,1.38261,649.1975,-8.62513,-3.2555,0.555,3600.00,-9770.36963,229.63037,0.977037,0.198980,0.063656,-2.749753
197,EURUSD,sell,2014-03-07T18:00:00+00:00,2014-03-07T21:00:00+00:00,1.38690,1.38827,1.38780,1.38636,4783.9661,-6.51840,-1.5204,0.7,10800.00,-9776.88802,216.41091,0.978359,0.197970,0.063616,-2.759494
198,EURUSD,sell,2014-03-07T19:00:00+00:00,2014-03-07T21:00:00+00:00,1.38661,1.38796,1.38749,1.38611,4991.9646,-6.70107,-1.5322,0.7,7200.00,-9783.58909,216.41091,0.978359,0.196970,0.063576,-2.759494
199,EURUSD,sell,2014-03-20T12:00:00+00:00,2014-03-20T13:00:00+00:00,1.37606,1.37794,1.37748,1.39062,2142.6822,-4.04153,-1.3256,0.555,3600.00,-9787.63062,212.36938,0.978763,0.195980,0.063551,-2.763946
200,EURUSD,sell,2014-03-27T12:00:00+00:00,2014-03-27T13:00:00+00:00,1.37572,1.37778,1.37732,1.38240,1784.6166,-3.68711,-1.2890,0.555,3600.00,-9791.31773,208.68227,0.979132,0.195000,0.063529,-2.770988
201,EURUSD,sell,2014-05-08T17:00:00+00:00,2014-05-08T20:00:00+00:00,1.38462,1.38433,1.38685,1.38391,1152.9407,0.34509,0.1345,0.505,10800.00,-9790.97264,209.02736,0.979097,0.199005,0.063562,-2.747308
202,EURUSD,buy,2014-05-20T19:00:00+00:00,2014-05-21T05:00:00+00:00,1.37045,1.37039,1.36966,1.37080,5500.7201,-0.34243,-0.0787,0.54,36000.00,-9791.31507,208.68493,0.979132,0.198020,0.063559,-2.745475
203,EURUSD,sell,2014-07-09T17:00:00+00:00,2014-07-09T18:00:00+00:00,1.36177,1.36370,1.36324,1.36006,1968.7258,-3.79500,-1.3125,0.5700000000000001,3600.00,-9795.11006,204.88994,0.979511,0.197044,0.063536,-2.731113
204,EURUSD,buy,2014-07-30T19:00:00+00:00,2014-07-31T12:00:00+00:00,1.33961,1.33697,1.33742,1.34279,1144.6365,-3.02524,-1.2059,0.5700000000000001,61200.00,-9798.13531,201.86469,0.979814,0.196078,0.063518,-2.730455
205,EURUSD,sell,2014-09-25T08:00:00+00:00,2014-09-25T09:00:00+00:00,1.27214,1.28403,1.27852,1.28364,336.4412,-3.99922,-1.8626,0.505,3600.00,-9802.13453,197.86547,0.980213,0.195122,0.063494,-2.713948
206,EURUSD,buy,2014-10-09T08:00:00+00:00,2014-10-09T09:00:00+00:00,1.27642,1.26913,1.27361,1.26951,814.2612,-5.93895,-2.5930,0.505,3600.00,-9808.07348,191.92652,0.980807,0.194175,0.063458,-2.722020
207,EURUSD,sell,2014-10-30T06:00:00+00:00,2014-10-30T07:00:00+00:00,1.25943,1.26540,1.26295,1.26502,611.2310,-3.64749,-1.6963,0.505,3600.00,-9811.72097,188.27903,0.981172,0.193237,0.063436,-2.722729
208,EURUSD,sell,2014-11-06T14:00:00+00:00,2014-11-06T15:00:00+00:00,1.24406,1.26362,1.24816,1.26324,504.7695,-9.87445,-4.7674,0.505,3600.00,-9821.59542,178.40458,0.982160,0.192308,0.063376,-2.736186
209,EURUSD,sell,2014-12-18T09:00:00+00:00,2014-12-18T10:00:00+00:00,1.22991,1.24143,1.23361,1.24106,535.7495,-6.17259,-3.1147,0.555,3600.00,-9827.76801,172.23199,0.982777,0.191388,0.063339,-2.731412
210,EURUSD,buy,2014-12-25T08:00:00+00:00,2014-12-25T09:00:00+00:00,1.22310,1.21862,1.22213,1.21899,2870.5332,-12.83851,-4.6260,0.505,3600.00,-9840.60651,159.39349,0.984061,0.190476,0.063261,-2.739383
211,EURUSD,sell,2015-01-08T13:00:00+00:00,2015-01-08T14:00:00+00:00,1.17840,1.18943,1.18332,1.18907,348.7822,-3.84719,-2.2403,0.505,3600.00,-9844.45370,155.54630,0.984445,0.189573,0.063238,-2.745220
212,EURUSD,sell,2015-01-15T18:00:00+00:00,2015-01-15T19:00:00+00:00,1.16124,1.19851,1.17490,1.19815,116.8642,-4.35529,-2.7286,0.505,3600.00,-9848.80899,151.19101,0.984881,0.188679,0.063212,-2.755603
213,EURUSD,buy,2015-01-23T14:00:00+00:00,2015-01-23T15:00:00+00:00,1.12473,1.12625,1.12287,1.12743,746.0083,1.13344,,0.65,3600.00,-9847.67555,151.93295,0.984807,0.192488,0.063320,-2.748162
214,EURUSD,buy,2015-01-23T14:00:00+00:00,2015-01-23T15:00:00+00:00,1.12473,1.12434,1.12473,1.12743,248.6694,-0.09634,,0.65,3600.00,-9847.77188,151.93295,0.984807,0.191589,0.063319,-2.748162
215,EURUSD,buy,2015-01-23T15:00:00+00:00,2015-01-23T16:00:00+00:00,1.12495,1.12669,1.12287,1.12809,656.1557,1.14124,,0.65,3600.00,-9846.63065,153.28460,0.984672,0.195349,0.063428,-2.740735
216,EURUSD,buy,2015-01-23T15:00:00+00:00,2015-01-23T16:00:00+00:00,1.12495,1.12456,1.12495,1.12809,218.7186,-0.08475,,0.65,3600.00,-9846.71540,153.28460,0.984672,0.194444,0.063427,-2.740735
217,EURUSD,sell,2015-03-05T07:00:00+00:00,2015-03-05T08:00:00+00:00,1.10479,1.10981,1.10795,1.10948,541.6417,-2.72141,-1.5892,0.505,3600.00,-9849.43681,150.56319,0.984944,0.193548,0.063411,-2.731243
218,EURUSD,sell,2015-03-24T13:00:00+00:00,2015-03-24T14:00:00+00:00,1.09351,1.09085,1.09650,1.08852,424.5203,1.12965,,0.67,3600.00,-9848.30716,151.63934,0.984836,0.197248,0.063518,-2.717071
219,EURUSD,sell,2015-03-24T13:00:00+00:00,2015-03-24T14:00:00+00:00,1.09351,1.09389,1.09351,1.08852,141.5068,-0.05350,,0.67,3600.00,-9848.36066,151.63934,0.984836,0.196347,0.063518,-2.717071
220,EURUSD,sell,2015-04-23T07:00:00+00:00,2015-04-23T08:00:00+00:00,1.06824,1.07006,1.06969,1.07507,1341.9410,-2.44433,-1.2557,0.555,3600.00,-9850.80499,149.19501,0.985080,0.195455,0.063503,-2.712349
221,EURUSD,buy,2015-04-30T12:00:00+00:00,2015-04-30T13:00:00+00:00,1.11661,1.11379,1.11417,1.09655,707.0853,-2.00043,-1.1572,0.505,3600.00,-9852.80542,147.19458,0.985281,0.194570,0.063491,-2.716976
222,EURUSD,sell,2015-05-12T14:00:00+00:00,2015-05-12T17:00:00+00:00,1.12440,1.12268,1.12646,1.12130,641.8368,1.10442,,0.52,10800.00,-9851.70100,148.70924,0.985129,0.198198,0.063596,-2.703732
223,EURUSD,sell,2015-05-12T14:00:00+00:00,2015-05-12T18:00:00+00:00,1.12440,1.12297,1.12258,1.12130,213.9456,0.30718,0.7878,0.52,14400.00,-9851.39382,148.62177,0.985138,0.201794,0.063625,-2.704220
224,EURUSD,sell,2015-05-12T17:00:00+00:00,2015-05-13T06:00:00+00:00,1.12191,1.12685,1.12646,1.11383,352.2541,-1.73824,-1.0853,0.6,46800.00,-9853.13207,142.67683,0.985732,0.200893,0.063615,-2.718888
225,EURUSD,sell,2015-05-12T18:00:00+00:00,2015-05-13T06:00:00+00:00,1.12163,1.12685,1.12646,1.11299,330.9714,-1.72587,-1.0804,0.6,43200.00,-9854.85793,142.67683,0.985732,0.200000,0.063604,-2.718888
226,EURUSD,sell,2015-05-12T19:00:00+00:00,2015-05-13T06:00:00+00:00,1.12120,1.12685,1.12646,1.11170,302.0451,-1.70487,-1.0738,0.6,39600.00,-9856.56280,142.67683,0.985732,0.199115,0.063594,-2.718888
227,EURUSD,sell,2015-05-12T12:00:00+00:00,2015-05-13T12:00:00+00:00,1.12249,1.12846,1.12807,1.11235,280.9057,-1.67568,-1.0697,0.6,86400.00,-9858.23848,141.76152,0.985824,0.198238,0.063584,-2.719978
228,EURUSD,buy,2015-05-14T12:00:00+00:00,2015-05-14T13:00:00+00:00,1.14160,1.12929,1.13729,1.12963,357.0819,-4.39613,-2.8549,0.505,3600.00,-9862.63461,137.36539,0.986263,0.197368,0.063557,-2.733627
229,EURUSD,sell,2015-05-28T08:00:00+00:00,2015-05-28T09:00:00+00:00,1.09372,1.09310,1.09467,1.09281,1661.6781,1.03088,,0.67,3600.00,-9861.60373,138.18682,0.986181,0.200873,0.063655,-2.722921
230,EURUSD,sell,2015-05-28T08:00:00+00:00,2015-05-28T09:00:00+00:00,1.09372,1.09410,1.09372,1.09281,553.8927,-0.20944,,0.67,3600.00,-9861.81318,138.18682,0.986181,0.200000,0.063654,-2.722921
231,EURUSD,buy,2015-06-04T12:00:00+00:00,2015-06-04T13:00:00+00:00,1.12973,1.12571,1.12610,1.11594,420.0207,-1.68707,-1.1069,0.555,3600.00,-9863.50025,136.49975,0.986350,0.199134,0.063644,-2.726884
232,EURUSD,buy,2015-06-18T12:00:00+00:00,2015-06-18T13:00:00+00:00,1.13965,1.14058,1.13838,1.12949,1100.8045,1.02322,,0.555,3600.00,-9862.47703,137.37917,0.986262,0.202586,0.063741,-2.715905
233,EURUSD,buy,2015-06-18T12:00:00+00:00,2015-06-18T13:00:00+00:00,1.13965,1.13926,1.13965,1.12949,366.9348,-0.14379,,0.555,3600.00,-9862.62083,137.37917,0.986262,0.201717,0.063740,-2.715905
234,EURUSD,buy,2015-07-09T06:00:00+00:00,2015-07-09T07:00:00+00:00,1.11012,1.10662,1.10700,1.10289,492.3985,-1.72587,-1.1223,0.505,3600.00,-9864.34669,135.65331,0.986435,0.200855,0.063729,-2.713739
235,EURUSD,sell,2015-07-16T13:00:00+00:00,2015-07-16T14:00:00+00:00,1.09052,1.09245,1.09207,1.10125,1111.9123,-2.14031,-1.2441,0.505,3600.00,-9866.48700,133.51300,0.986649,0.200000,0.063717,-2.719372
236,EURUSD,buy,2015-07-23T12:00:00+00:00,2015-07-23T13:00:00+00:00,1.09681,1.08686,1.09322,1.08719,409.5491,-4.07301,-2.7710,0.505,3600.00,-9870.56001,129.43999,0.987056,0.199153,0.063692,-2.729969
237,EURUSD,sell,2015-07-30T12:00:00+00:00,2015-07-30T13:00:00+00:00,1.09493,1.09245,1.09774,1.10201,391.4516,0.97117,,0.555,3600.00,-9869.58884,130.36177,0.986964,0.202532,0.063784,-2.721742
238,EURUSD,sell,2015-07-30T12:00:00+00:00,2015-07-30T13:00:00+00:00,1.09493,1.09531,1.09493,1.10201,130.4839,-0.04939,,0.555,3600.00,-9869.63823,130.36177,0.986964,0.201681,0.063784,-2.721742
239,EURUSD,buy,2015-08-20T12:00:00+00:00,2015-08-20T13:00:00+00:00,1.11585,1.10806,1.11287,1.10839,491.9312,-3.83567,-2.6124,0.505,3600.00,-9873.47390,126.52610,0.987347,0.200837,0.063761,-2.725774
240,EURUSD,sell,2015-08-27T17:00:00+00:00,2015-08-27T18:00:00+00:00,1.12515,1.12683,1.12644,1.14559,1331.8537,-2.23165,-1.3013,0.505,3600.00,-9875.70555,124.29445,0.987571,0.200000,0.063747,-2.732113
241,EURUSD,sell,2015-09-03T17:00:00+00:00,2015-09-03T18:00:00+00:00,1.11291,1.13388,1.11532,1.13354,597.5695,-12.53344,-8.6886,0.505,3600.00,-9888.23899,111.76101,0.988824,0.199170,0.063671,-2.725040
242,EURUSD,buy,2015-09-24T12:00:00+00:00,2015-09-24T13:00:00+00:00,1.12545,1.11181,1.11858,1.11214,171.1501,-2.33469,-1.9863,0.555,3600.00,-9890.57368,109.42632,0.989057,0.198347,0.063657,-2.726252
243,EURUSD,sell,2015-10-01T06:00:00+00:00,2015-10-01T07:00:00+00:00,1.11385,1.11558,1.11520,1.11571,1072.8071,-1.86543,-1.2840,0.505,3600.00,-9892.43911,107.56089,0.989244,0.197531,0.063646,-2.732129
244,EURUSD,sell,2015-10-02T19:00:00+00:00,2015-10-02T20:00:00+00:00,1.11996,1.12117,1.12078,1.11934,2240.8519,-2.69426,-1.4733,0.5700000000000001,3600.00,-9895.13337,105.27572,0.989472,0.196721,0.063630,-2.742237
245,EURUSD,sell,2015-10-02T17:00:00+00:00,2015-10-05T09:00:00+00:00,1.12268,1.12844,1.12805,1.11296,213.8388,-1.23071,-1.0724,0.5700000000000001,230400.00,-9896.36409,103.63591,0.989636,0.195918,0.063622,-2.749611
246,EURUSD,sell,2015-10-22T08:00:00+00:00,2015-10-22T09:00:00+00:00,1.13097,1.13964,1.13460,1.13930,315.0028,-2.73145,-2.3892,0.505,3600.00,-9899.09553,100.90447,0.989910,0.195122,0.063606,-2.754227
247,EURUSD,sell,2015-10-30T17:00:00+00:00,2015-10-30T18:00:00+00:00,1.10140,1.10053,1.10260,1.09999,869.8661,0.75718,,0.65,3600.00,-9898.33835,101.18696,0.989881,0.198381,0.063678,-2.748879
248,EURUSD,sell,2015-10-30T17:00:00+00:00,2015-10-30T18:00:00+00:00,1.10140,1.10178,1.10140,1.09999,289.9554,-0.11031,,0.65,3600.00,-9898.44866,101.18696,0.989881,0.197581,0.063677,-2.748879
249,EURUSD,sell,2015-10-30T18:00:00+00:00,2015-10-30T19:00:00+00:00,1.10003,1.09911,1.10128,1.09852,827.8642,0.76203,,0.65,3600.00,-9897.68663,100.95961,0.989904,0.200803,0.063749,-2.750358
250,EURUSD,sell,2015-10-30T18:00:00+00:00,2015-10-30T19:00:00+00:00,1.10003,1.10041,1.10003,1.09852,275.9547,-0.10487,,0.65,3600.00,-9897.79150,100.95961,0.989904,0.200000,0.063748,-2.750358
251,EURUSD,sell,2015-10-30T19:00:00+00:00,2015-10-30T20:00:00+00:00,1.09938,1.10036,1.09998,1.09917,3785.5000,-3.70949,-1.6334,0.7,3600.00,-9901.50099,98.49901,0.990150,0.199203,0.063726,-2.762020
252,EURUSD,sell,2015-12-22T20:00:00+00:00,2015-12-23T08:00:00+00:00,1.09478,1.09181,1.09808,1.08917,248.7349,0.73901,,0.5700000000000001,43200.00,-9900.76198,99.48024,0.990052,0.202381,0.063796,-2.731164
253,EURUSD,sell,2015-12-22T20:00:00+00:00,2015-12-23T09:00:00+00:00,1.09478,1.09370,1.09332,1.08917,82.9116,0.08983,0.7413,0.5700000000000001,46800.00,-9900.67215,99.32785,0.990067,0.205534,0.063804,-2.732339
254,EURUSD,sell,2015-12-24T13:00:00+00:00,2015-12-24T14:00:00+00:00,1.09393,1.09537,1.09499,1.09280,1360.6555,-1.95498,-1.3577,0.6200000000000001,3600.00,-9902.62713,97.37287,0.990263,0.204724,0.063793,-2.741694
255,EURUSD,sell,2015-12-24T20:00:00+00:00,2015-12-25T00:00:00+00:00,1.09600,1.09548,1.09685,1.09529,1404.4164,0.73079,,0.67,14400.00,-9901.89633,97.92633,0.990207,0.207843,0.063862,-2.744757
256,EURUSD,sell,2015-12-24T20:00:00+00:00,2015-12-25T00:00:00+00:00,1.09600,1.09638,1.09600,1.09529,468.1388,-0.17734,,0.67,14400.00,-9902.07367,97.92633,0.990207,0.207031,0.063861,-2.744757
257,EURUSD,buy,2016-01-14T09:00:00+00:00,2016-01-14T10:00:00+00:00,1.09055,1.08430,1.08785,1.08463,413.1913,-2.57933,-2.3145,0.505,3600.00,-9904.65300,95.34700,0.990465,0.206226,0.063845,-2.748037
258,EURUSD,sell,2016-01-21T18:00:00+00:00,2016-01-21T19:00:00+00:00,1.08806,1.10071,1.08945,1.10038,899.5000,-11.37564,-9.1212,0.505,3600.00,-9916.02864,83.97136,0.991603,0.205426,0.063777,-2.727702
259,EURUSD,buy,2016-01-28T14:00:00+00:00,2016-01-28T15:00:00+00:00,1.09258,1.08313,1.08996,1.08346,366.6871,-3.46252,-3.6073,0.555,3600.00,-9919.49117,80.50883,0.991949,0.204633,0.063756,-2.739106
260,EURUSD,buy,2016-02-04T15:00:00+00:00,2016-02-04T16:00:00+00:00,1.11713,1.11755,1.11636,1.09357,1404.2238,0.60335,,0.505,3600.00,-9918.88781,80.93192,0.991907,0.207692,0.063813,-2.732816
261,EURUSD,buy,2016-02-04T15:00:00+00:00,2016-02-04T16:00:00+00:00,1.11713,1.11674,1.11713,1.09357,468.0746,-0.18027,,0.505,3600.00,-9919.06808,80.93192,0.991907,0.206897,0.063812,-2.732816
262,EURUSD,sell,2016-02-12T13:00:00+00:00,2016-02-12T15:00:00+00:00,1.12427,1.12787,1.12748,1.11606,281.9928,-1.01394,-1.1211,0.516,7200.00,-9920.08202,79.91798,0.992008,0.206107,0.063805,-2.735972
263,EURUSD,sell,2016-02-18T14:00:00+00:00,2016-02-18T15:00:00+00:00,1.10932,1.12005,1.11321,1.11971,224.4887,-2.40850,-2.7560,0.505,3600.00,-9922.49052,77.50948,0.992249,0.205323,0.063791,-2.745895
264,EURUSD,buy,2016-03-01T18:00:00+00:00,2016-03-02T03:00:00+00:00,1.08727,1.08562,1.08600,1.08882,824.5689,-1.35383,-1.2968,0.62,32400.00,-9923.84435,76.15565,0.992384,0.204545,0.063783,-2.747279
265,EURUSD,buy,2016-03-17T12:00:00+00:00,2016-03-17T13:00:00+00:00,1.13053,1.10984,1.12144,1.11017,87.0350,-1.80094,-2.2766,0.505,3600.00,-9925.64529,74.35471,0.992565,0.203774,0.063772,-2.751593
266,EURUSD,buy,2016-03-31T14:00:00+00:00,2016-03-31T15:00:00+00:00,1.14012,1.12271,1.13273,1.12305,105.4677,-1.83607,-2.3551,0.505,3600.00,-9927.48136,72.51864,0.992748,0.203008,0.063761,-2.756612
267,EURUSD,sell,2016-04-26T17:00:00+00:00,2016-04-26T20:00:00+00:00,1.12896,1.13057,1.13018,1.12754,824.0754,-1.32500,-1.3192,0.5700000000000001,10800.00,-9928.80636,68.92572,0.993107,0.202247,0.063753,-2.760009
268,EURUSD,sell,2016-04-26T18:00:00+00:00,2016-04-26T20:00:00+00:00,1.12867,1.13057,1.13018,1.12667,619.8174,-1.17627,-1.2579,0.5700000000000001,7200.00,-9929.98263,68.92572,0.993107,0.201493,0.063746,-2.760009
269,EURUSD,sell,2016-04-26T19:00:00+00:00,2016-04-26T20:00:00+00:00,1.12840,1.13057,1.13018,1.12586,503.6017,-1.09165,-1.2187,0.5700000000000001,3600.00,-9931.07428,68.92572,0.993107,0.200743,0.063739,-2.760009
270,EURUSD,sell,2016-05-03T13:00:00+00:00,2016-05-03T20:00:00+00:00,1.15487,1.15017,1.15992,1.14582,109.9878,0.51712,,0.52,25200.00,-9930.55716,69.63764,0.993036,0.203704,0.063788,-2.750406
271,EURUSD,sell,2016-05-03T13:00:00+00:00,2016-05-03T21:00:00+00:00,1.15487,1.15036,1.14996,1.14582,36.6626,0.16566,0.9196,0.52,28800.00,-9930.39151,69.60849,0.993039,0.206642,0.063804,-2.750704
272,EURUSD,sell,2016-05-19T13:00:00+00:00,2016-05-19T14:00:00+00:00,1.11953,1.12314,1.12275,1.12635,241.6962,-0.87078,-1.1203,0.505,3600.00,-9931.26229,68.73771,0.993126,0.205882,0.063798,-2.750444
273,EURUSD,buy,2016-06-23T12:00:00+00:00,2016-06-23T13:00:00+00:00,1.13945,1.13699,1.13738,1.12687,397.3278,-0.97859,-1.1888,0.555,3600.00,-9932.24088,67.75912,0.993224,0.205128,0.063793,-2.743139
274,EURUSD,buy,2016-07-28T08:00:00+00:00,2016-07-28T09:00:00+00:00,1.11084,1.10228,1.10620,1.10261,157.2137,-1.34637,-1.8444,0.505,3600.00,-9933.58725,66.41275,0.993359,0.204380,0.063784,-2.738080
275,EURUSD,sell,2016-08-04T08:00:00+00:00,2016-08-04T09:00:00+00:00,1.11310,1.11646,1.11436,1.11613,714.1156,-2.40576,-2.6652,0.505,3600.00,-9935.99301,64.00699,0.993599,0.203636,0.063770,-2.748296
276,EURUSD,buy,2016-08-12T14:00:00+00:00,2016-08-12T16:00:00+00:00,1.11820,1.11649,1.11688,1.12213,653.1326,-1.11059,-1.2927,0.516,7200.00,-9937.10360,62.89640,0.993710,0.202899,0.063763,-2.753236
277,EURUSD,sell,2016-09-02T13:00:00+00:00,2016-09-02T14:00:00+00:00,1.12029,1.11551,1.12541,1.11107,98.6868,0.47188,,0.62,3600.00,-9936.63172,63.35558,0.993664,0.205776,0.063808,-2.740306
278,EURUSD,sell,2016-09-02T13:00:00+00:00,2016-09-02T14:00:00+00:00,1.12029,1.12068,1.12029,1.11107,32.8956,-0.01270,,0.62,3600.00,-9936.64442,63.35558,0.993664,0.205036,0.063808,-2.740306
279,EURUSD,buy,2016-09-22T07:00:00+00:00,2016-09-22T08:00:00+00:00,1.12298,1.11439,1.11967,1.11472,213.3185,-1.83266,-2.5980,0.505,3600.00,-9938.47708,61.52292,0.993848,0.204301,0.063797,-2.743887
280,EURUSD,sell,2016-10-06T12:00:00+00:00,2016-10-06T13:00:00+00:00,1.11762,1.12293,1.11938,1.12259,433.2600,-2.29722,-3.0205,0.505,3600.00,-9940.77430,59.22570,0.994077,0.203571,0.063783,-2.751301
281,EURUSD,sell,2016-10-20T18:00:00+00:00,2016-10-21T02:00:00+00:00,1.09228,1.09016,1.09473,1.09022,209.5249,0.44437,,0.505,28800.00,-9940.32993,59.79126,0.994021,0.206406,0.063825,-2.742031
282,EURUSD,sell,2016-10-20T18:00:00+00:00,2016-10-21T02:00:00+00:00,1.09228,1.09055,1.09228,1.09022,69.8416,0.12119,,0.505,28800.00,-9940.20874,59.79126,0.994021,0.209220,0.063836,-2.742031
283,EURUSD,buy,2016-12-22T15:00:00+00:00,2016-12-22T16:00:00+00:00,1.04615,1.04015,1.04351,1.04046,256.6148,-1.54120,-2.2717,0.505,3600.00,-9941.74994,58.25006,0.994175,0.208481,0.063827,-2.728472
284,EURUSD,buy,2016-12-28T19:00:00+00:00,2016-12-29T02:00:00+00:00,1.04122,1.04357,1.03856,1.04561,185.9044,0.43671,,0.6,25200.00,-9941.31323,58.82543,0.994117,0.211268,0.063868,-2.722855
285,EURUSD,buy,2016-12-28T19:00:00+00:00,2016-12-29T03:00:00+00:00,1.04122,1.04289,1.04325,1.04561,61.9681,0.10316,0.8210,0.6,28800.00,-9941.21007,58.78993,0.994121,0.214035,0.063878,-2.723220
286,EURUSD,buy,2017-01-12T07:00:00+00:00,2017-01-12T08:00:00+00:00,1.06327,1.05535,1.05965,1.05567,178.1513,-1.41017,-2.1873,0.505,3600.00,-9942.62024,57.37976,0.994262,0.213287,0.063869,-2.727889
287,EURUSD,sell,2017-01-12T19:00:00+00:00,2017-01-12T23:00:00+00:00,1.06236,1.06099,1.06405,1.05994,314.1228,0.43054,,0.65,14400.00,-9942.18971,58.01844,0.994198,0.216028,0.063910,-2.724177
288,EURUSD,sell,2017-01-12T19:00:00+00:00,2017-01-13T00:00:00+00:00,1.06236,1.06202,1.06165,1.05994,104.7076,0.03588,0.4818,0.65,18000.00,-9942.15382,58.20023,0.994180,0.218750,0.063913,-2.723794
289,EURUSD,sell,2017-01-12T20:00:00+00:00,2017-01-13T07:00:00+00:00,1.06201,1.06442,1.06405,1.05889,333.6032,-0.80329,-1.1811,0.65,39600.00,-9942.95712,57.04288,0.994296,0.217993,0.063908,-2.732575
290,EURUSD,buy,2017-01-27T14:00:00+00:00,2017-01-30T01:00:00+00:00,1.07054,1.07339,1.06737,1.07749,150.1128,0.42766,,0.516,212400.00,-9942.52945,57.62711,0.994237,0.220690,0.063949,-2.721073
291,EURUSD,buy,2017-01-27T14:00:00+00:00,2017-01-30T02:00:00+00:00,1.07054,1.07266,1.07303,1.07749,50.0376,0.10593,0.8506,0.516,216000.00,-9942.42352,57.57648,0.994242,0.223368,0.063959,-2.721600
292,EURUSD,buy,2017-02-07T18:00:00+00:00,2017-02-08T06:00:00+00:00,1.06974,1.06624,1.06661,1.07504,204.8985,-0.71731,-1.1182,0.52,43200.00,-9943.14083,56.15082,0.994385,0.222603,0.063954,-2.729897
293,EURUSD,buy,2017-02-07T19:00:00+00:00,2017-02-08T06:00:00+00:00,1.06993,1.06624,1.06661,1.07561,191.9216,-0.70835,-1.1114,0.52,39600.00,-9943.84918,56.15082,0.994385,0.221843,0.063950,-2.729897
294,EURUSD,buy,2017-02-16T13:00:00+00:00,2017-02-16T14:00:00+00:00,1.06401,1.06548,1.06222,1.05750,286.4838,0.42095,,0.555,3600.00,-9943.42823,56.53651,0.994346,0.224490,0.063990,-2.722780
295,EURUSD,buy,2017-02-16T13:00:00+00:00,2017-02-16T14:00:00+00:00,1.06401,1.06364,1.06401,1.05750,95.4946,-0.03526,,0.555,3600.00,-9943.46349,56.53651,0.994346,0.223729,0.063989,-2.722780
296,EURUSD,sell,2017-03-02T15:00:00+00:00,2017-03-02T16:00:00+00:00,1.05214,1.05602,1.05353,1.05570,528.3786,-2.04612,-2.7945,0.505,3600.00,-9945.50961,54.49039,0.994551,0.222973,0.063977,-2.729911
297,EURUSD,buy,2017-03-09T18:00:00+00:00,2017-03-09T21:00:00+00:00,1.05940,1.05733,1.05770,1.06184,394.8579,-0.81539,-1.2163,0.62,10800.00,-9946.32500,52.88289,0.994712,0.222222,0.063972,-2.738485
298,EURUSD,buy,2017-03-09T19:00:00+00:00,2017-03-09T21:00:00+00:00,1.05953,1.05733,1.05770,1.06223,360.8635,-0.79212,-1.2010,0.62,7200.00,-9947.11711,52.88289,0.994712,0.221477,0.063967,-2.738485
299,EURUSD,sell,2017-03-30T13:00:00+00:00,2017-03-30T14:00:00+00:00,1.07307,1.07855,1.07461,1.07823,433.4663,-2.37777,-3.5573,0.505,3600.00,-9949.49489,50.50511,0.994949,0.220736,0.063953,-2.743565
300,EURUSD,buy,2017-04-20T12:00:00+00:00,2017-04-20T13:00:00+00:00,1.07533,1.07633,1.07401,1.06629,378.7884,0.37860,,0.555,3600.00,-9949.11628,50.83667,0.994916,0.223333,0.063989,-2.731850
301,EURUSD,buy,2017-04-20T12:00:00+00:00,2017-04-20T13:00:00+00:00,1.07533,1.07496,1.07533,1.06629,126.2628,-0.04704,,0.555,3600.00,-9949.16333,50.83667,0.994916,0.222591,0.063988,-2.731850
302,EURUSD,buy,2017-06-29T08:00:00+00:00,2017-06-29T09:00:00+00:00,1.14288,1.13971,1.14010,1.13764,208.3470,-0.66146,-1.1409,0.505,3600.00,-9949.82478,50.17522,0.994982,0.221854,0.063984,-2.712114
303,EURUSD,sell,2017-07-13T17:00:00+00:00,2017-07-13T18:00:00+00:00,1.13938,1.15005,1.14168,1.14971,255.9960,-2.73323,-4.6382,0.505,3600.00,-9952.55801,47.44199,0.995256,0.221122,0.063968,-2.719558
304,EURUSD,buy,2017-08-25T12:00:00+00:00,2017-08-25T13:00:00+00:00,1.18088,1.17944,1.17984,1.18278,687.5651,-0.99566,-1.3869,0.516,3600.00,-9953.55367,46.44633,0.995355,0.220395,0.063962,-2.712746
305,EURUSD,buy,2017-09-07T17:00:00+00:00,2017-09-07T18:00:00+00:00,1.20031,1.17950,1.19826,1.17985,274.8304,-5.72030,-10.1532,0.505,3600.00,-9959.27397,40.72603,0.995927,0.219672,0.063928,-2.690687
306,EURUSD,sell,2017-10-05T12:00:00+00:00,2017-10-05T13:00:00+00:00,1.17270,1.17886,1.17520,1.17851,189.4234,-1.16788,-2.4643,0.505,3600.00,-9960.44186,39.55814,0.996044,0.218954,0.063921,-2.691232
307,EURUSD,buy,2017-10-19T12:00:00+00:00,2017-10-19T13:00:00+00:00,1.18337,1.17536,1.17937,1.17571,108.3785,-0.86894,-2.0019,0.555,3600.00,-9961.31079,38.68921,0.996131,0.218241,0.063915,-2.695032
308,EURUSD,buy,2017-11-23T09:00:00+00:00,2017-11-23T10:00:00+00:00,1.18462,1.18191,1.18216,1.18226,184.2343,-0.49927,-1.1037,0.505,3600.00,-9961.81006,38.18994,0.996181,0.217532,0.063912,-2.688513
309,EURUSD,buy,2017-11-30T19:00:00+00:00,2017-12-01T00:00:00+00:00,1.19013,1.19112,1.18833,1.19148,265.2079,0.26405,0.5541,0.505,18000.00,-9961.54601,38.45399,0.996155,0.220065,0.063937,-2.686897
310,EURUSD,buy,2017-12-28T08:00:00+00:00,2017-12-28T09:00:00+00:00,1.19408,1.18849,1.18910,1.18885,83.2337,-0.46484,-1.1219,0.505,3600.00,-9962.01085,37.98915,0.996201,0.219355,0.063934,-2.682950
311,EURUSD,buy,2018-01-11T20:00:00+00:00,2018-01-11T21:00:00+00:00,1.20344,1.18555,1.20281,1.18591,1407.0054,-25.16668,-28.3500,0.505,3600.00,-9987.17753,12.82247,0.998718,0.218650,0.063784,-1.833376
312,EURUSD,buy,2018-02-15T09:00:00+00:00,2018-02-15T10:00:00+00:00,1.24907,1.23990,1.24531,1.24027,37.8244,-0.34710,-2.4376,0.505,3600.00,-9987.52464,12.47536,0.998752,0.217949,0.063781,-1.832579
313,EURUSD,sell,2018-03-01T14:00:00+00:00,2018-03-01T15:00:00+00:00,1.21688,1.21940,1.21898,1.22245,72.1119,-0.18106,-1.1984,0.505,3600.00,-9987.70570,12.29430,0.998771,0.217252,0.063780,-1.833490
314,EURUSD,sell,2018-03-15T14:00:00+00:00,2018-03-15T15:00:00+00:00,1.23401,1.24278,1.23691,1.24241,48.5941,-0.42632,-3.0249,0.505,3600.00,-9988.13202,11.86798,0.998813,0.216561,0.063778,-1.839167
315,EURUSD,sell,2018-03-29T17:00:00+00:00,2018-03-29T18:00:00+00:00,1.22923,1.23637,1.23135,1.23600,67.8170,-0.48419,-3.3696,0.505,3600.00,-9988.61621,11.38379,0.998862,0.215873,0.063775,-1.846044
316,EURUSD,buy,2018-05-10T14:00:00+00:00,2018-05-10T15:00:00+00:00,1.18826,1.18926,1.18690,1.17909,85.3784,0.08533,,0.505,3600.00,-9988.53088,11.45756,0.998854,0.218354,0.063783,-1.834559
317,EURUSD,buy,2018-05-10T14:00:00+00:00,2018-05-10T15:00:00+00:00,1.18826,1.18785,1.18826,1.17909,28.4595,-0.01157,,0.505,3600.00,-9988.54244,11.45756,0.998854,0.217666,0.063783,-1.834559
318,EURUSD,sell,2018-05-25T12:00:00+00:00,2018-05-25T13:00:00+00:00,1.16729,1.16654,1.17089,1.16619,35.2540,0.02644,0.2083,0.516,3600.00,-9988.51601,11.48399,0.998852,0.220126,0.063785,-1.830513
319,EURUSD,buy,2018-05-31T12:00:00+00:00,2018-05-31T13:00:00+00:00,1.16761,1.16557,1.16597,1.16093,89.0232,-0.18160,-1.2437,0.505,3600.00,-9988.69761,11.30239,0.998870,0.219436,0.063784,-1.833558
320,EURUSD,sell,2018-06-06T08:00:00+00:00,2018-06-06T09:00:00+00:00,1.17387,1.17729,1.17689,1.16888,42.3310,-0.14500,-1.1334,0.64,3600.00,-9988.84261,11.15739,0.998884,0.218750,0.063783,-1.835823
321,EURUSD,sell,2018-06-06T12:00:00+00:00,2018-06-06T13:00:00+00:00,1.17624,1.17729,1.17689,1.17599,371.9130,-0.39276,-1.6173,0.7,3600.00,-9989.23537,10.76463,0.998924,0.218069,0.063781,-1.843400
322,EURUSD,sell,2018-06-06T17:00:00+00:00,2018-06-06T18:00:00+00:00,1.17613,1.17729,1.17689,1.17566,262.5519,-0.30614,-1.5283,0.7,3600.00,-9989.54151,10.45849,0.998954,0.217391,0.063779,-1.847099
323,EURUSD,buy,2018-06-07T12:00:00+00:00,2018-06-07T13:00:00+00:00,1.18374,1.18100,1.18140,1.17330,52.8206,-0.14470,-1.1732,0.505,3600.00,-9989.68621,10.31379,0.998969,0.216718,0.063778,-1.850724
324,EURUSD,sell,2018-07-05T18:00:00+00:00,2018-07-05T19:00:00+00:00,1.16768,1.16877,1.16837,1.16735,303.3467,-0.33093,-1.5801,0.65,3600.00,-9990.01714,9.98286,0.999002,0.216049,0.063776,-1.852592
325,EURUSD,sell,2018-07-12T12:00:00+00:00,2018-07-12T13:00:00+00:00,1.16679,1.16826,1.16786,1.17027,138.6508,-0.20389,-1.3741,0.555,3600.00,-9990.22103,9.77897,0.999022,0.215385,0.063775,-1.856506
326,EURUSD,sell,2018-08-02T07:00:00+00:00,2018-08-02T08:00:00+00:00,1.16276,1.16802,1.16539,1.16767,42.8902,-0.22557,-2.0005,0.505,3600.00,-9990.44660,9.55340,0.999045,0.214724,0.063774,-1.857917
327,EURUSD,buy,2018-09-13T14:00:00+00:00,2018-09-13T15:00:00+00:00,1.16792,1.15899,1.16290,1.15934,20.4570,-0.18264,-1.7784,0.505,3600.00,-9990.62924,9.37076,0.999063,0.214067,0.063773,-1.853754
328,EURUSD,buy,2018-09-20T13:00:00+00:00,2018-09-20T14:00:00+00:00,1.17607,1.15761,1.16834,1.15796,12.6975,-0.23440,-2.3873,0.505,3600.00,-9990.86364,9.13636,0.999086,0.213415,0.063771,-1.858706
329,EURUSD,sell,2018-09-27T06:00:00+00:00,2018-09-27T07:00:00+00:00,1.17029,1.18145,1.17449,1.18110,23.7308,-0.26497,-2.6577,0.505,3600.00,-9991.12861,8.87139,0.999113,0.212766,0.063770,-1.864527
330,EURUSD,sell,2018-10-18T06:00:00+00:00,2018-10-18T07:00:00+00:00,1.14853,1.15100,1.15060,1.15185,51.2797,-0.12665,-1.1905,0.505,3600.00,-9991.25526,8.74474,0.999126,0.212121,0.063769,-1.863802
331,EURUSD,buy,2018-11-01T08:00:00+00:00,2018-11-01T09:00:00+00:00,1.13815,1.13081,1.13561,1.13115,39.7488,-0.29178,-2.8885,0.505,3600.00,-9991.54704,8.45296,0.999155,0.211480,0.063767,-1.868969
332,EURUSD,buy,2018-12-20T13:00:00+00:00,2018-12-20T14:00:00+00:00,1.14492,1.12819,1.14179,1.12853,30.2973,-0.50693,-5.3399,0.505,3600.00,-9992.05398,7.94602,0.999205,0.210843,0.063764,-1.870907
333,EURUSD,sell,2019-02-07T08:00:00+00:00,2019-02-07T09:00:00+00:00,1.13519,1.13807,1.13639,1.13773,92.3956,-0.26628,-2.4003,0.505,3600.00,-9992.32026,7.67974,0.999232,0.210210,0.063763,-1.868494
334,EURUSD,buy,2019-02-07T18:00:00+00:00,2019-02-07T19:00:00+00:00,1.13570,1.13475,1.13514,1.13580,349.0791,-0.33202,-1.6966,0.65,3600.00,-9992.65228,7.34772,0.999265,0.209581,0.063761,-1.874506
335,EURUSD,sell,2019-04-03T14:00:00+00:00,2019-04-03T16:00:00+00:00,1.12262,1.12511,1.12472,1.11944,41.7484,-0.10372,-1.1848,0.62,7200.00,-9992.75600,7.24400,0.999276,0.208955,0.063760,-1.866537
336,EURUSD,sell,2019-04-03T18:00:00+00:00,2019-04-04T09:00:00+00:00,1.12356,1.12244,1.12502,1.12166,48.5090,0.05436,,0.62,54000.00,-9992.70164,7.34036,0.999266,0.211310,0.063765,-1.860488
337,EURUSD,sell,2019-04-03T18:00:00+00:00,2019-04-04T09:00:00+00:00,1.12356,1.12395,1.12356,1.12166,16.1697,-0.00626,,0.62,54000.00,-9992.70790,7.34036,0.999266,0.210682,0.063765,-1.860488
338,EURUSD,sell,2019-04-03T19:00:00+00:00,2019-04-04T12:00:00+00:00,1.12349,1.12230,1.12502,1.12145,45.6555,0.05436,,0.62,61200.00,-9992.65354,7.37243,0.999263,0.213018,0.063770,-1.858850
339,EURUSD,sell,2019-04-03T19:00:00+00:00,2019-04-04T12:00:00+00:00,1.12349,1.12179,1.12349,1.12145,15.2185,0.02597,,0.62,61200.00,-9992.62757,7.37243,0.999263,0.215339,0.063773,-1.858850
340,EURUSD,sell,2019-04-25T12:00:00+00:00,2019-04-25T13:00:00+00:00,1.11273,1.11986,1.11592,1.11952,25.7777,-0.18379,-2.2323,0.555,3600.00,-9992.81136,7.18864,0.999281,0.214706,0.063772,-1.860684
341,EURUSD,buy,2019-05-03T13:00:00+00:00,2019-05-03T14:00:00+00:00,1.11693,1.11772,1.11581,1.11818,68.2465,0.05388,,0.62,3600.00,-9992.75748,7.26321,0.999274,0.217009,0.063777,-1.855945
342,EURUSD,buy,2019-05-03T13:00:00+00:00,2019-05-03T14:00:00+00:00,1.11693,1.11784,1.11693,1.11818,22.7488,0.02069,,0.62,3600.00,-9992.73679,7.26321,0.999274,0.219298,0.063779,-1.855945
343,EURUSD,sell,2019-06-13T17:00:00+00:00,2019-06-13T18:00:00+00:00,1.12760,1.13162,1.12912,1.13128,61.5526,-0.24730,-2.6461,0.505,3600.00,-9992.98409,7.01591,0.999298,0.218659,0.063777,-1.855513
344,EURUSD,buy,2019-06-20T12:00:00+00:00,2019-06-20T13:00:00+00:00,1.13059,1.12912,1.12951,1.12251,94.8096,-0.13917,-1.3603,0.505,3600.00,-9993.12326,6.87674,0.999312,0.218023,0.063776,-1.859121
345,EURUSD,sell,2019-08-01T12:00:00+00:00,2019-08-01T13:00:00+00:00,1.10264,1.10475,1.10437,1.10644,49.1195,-0.10375,-1.2203,0.505,3600.00,-9993.22702,6.77298,0.999323,0.217391,0.063776,-1.854406
346,EURUSD,buy,2019-09-05T14:00:00+00:00,2019-09-05T15:00:00+00:00,1.10460,1.09838,1.10312,1.09871,58.8955,-0.36638,-4.1997,0.505,3600.00,-9993.59340,6.40660,0.999359,0.216763,0.063773,-1.858566
347,EURUSD,sell,2019-09-26T12:00:00+00:00,2019-09-26T13:00:00+00:00,1.09439,1.09535,1.09497,1.10017,256.2641,-0.24522,-1.6544,0.505,3600.00,-9993.83862,6.16138,0.999384,0.216138,0.063772,-1.863022
348,EURUSD,buy,2019-10-03T18:00:00+00:00,2019-10-03T19:00:00+00:00,1.09767,1.09362,1.09570,1.09395,37.5694,-0.15206,-2.0553,0.505,3600.00,-9993.99068,5.97270,0.999403,0.215517,0.063771,-1.868858
349,EURUSD,sell,2019-10-03T19:00:00+00:00,2019-10-03T23:00:00+00:00,1.09670,1.09795,1.09757,1.09595,111.2837,-0.13893,-1.4364,0.5700000000000001,14400.00,-9994.12961,5.87039,0.999413,0.214900,0.063770,-1.871784
350,EURUSD,buy,2019-10-10T12:00:00+00:00,2019-10-10T13:00:00+00:00,1.10265,1.09402,1.09829,1.09435,14.5667,-0.12570,-1.9788,0.555,3600.00,-9994.25530,5.74470,0.999426,0.214286,0.063769,-1.875673
351,EURUSD,buy,2019-10-17T12:00:00+00:00,2019-10-17T13:00:00+00:00,1.11204,1.10115,1.11070,1.10148,56.8782,-0.61963,-8.1086,0.505,3600.00,-9994.87493,5.12507,0.999487,0.213675,0.063766,-1.888983
352,EURUSD,sell,2020-01-15T19:00:00+00:00,2020-01-16T00:00:00+00:00,1.11471,1.11607,1.11569,1.11374,78.8472,-0.10796,-1.3908,0.52,18000.00,-9994.98289,5.01711,0.999498,0.213068,0.063765,-1.872741
353,EURUSD,sell,2020-01-30T19:00:00+00:00,2020-01-31T11:00:00+00:00,1.10268,1.10422,1.10384,1.10135,60.4471,-0.09321,-1.3283,0.62,57600.00,-9995.07611,4.92389,0.999508,0.212465,0.063765,-1.873460
354,EURUSD,buy,2020-02-27T09:00:00+00:00,2020-02-27T10:00:00+00:00,1.09385,1.08737,1.09042,1.08770,15.8835,-0.10284,-1.8886,0.505,3600.00,-9995.17894,4.82106,0.999518,0.211864,0.063764,-1.873192
355,EURUSD,sell,2020-03-19T13:00:00+00:00,2020-03-19T14:00:00+00:00,1.08000,1.10720,1.09148,1.10687,4.3199,-0.11753,-2.3690,0.505,3600.00,-9995.29647,4.70353,0.999530,0.211268,0.063763,-1.874856
356,EURUSD,sell,2020-04-07T18:00:00+00:00,2020-04-07T19:00:00+00:00,1.08992,1.09103,1.09065,1.08945,117.5882,-0.12985,-1.5188,0.5700000000000001,3600.00,-9995.42632,4.57368,0.999543,0.210674,0.063762,-1.877564
357,EURUSD,sell,2020-04-23T12:00:00+00:00,2020-04-23T13:00:00+00:00,1.07851,1.08653,1.08049,1.08620,27.5523,-0.22096,-4.0428,0.555,3600.00,-9995.64728,4.35272,0.999565,0.210084,0.063761,-1.884401
358,EURUSD,sell,2020-05-07T14:00:00+00:00,2020-05-07T15:00:00+00:00,1.07734,1.08052,1.08015,1.08249,17.4808,-0.05572,-1.1330,0.505,3600.00,-9995.70299,4.29701,0.999570,0.209497,0.063761,-1.884863
359,EURUSD,buy,2020-06-04T13:00:00+00:00,2020-06-04T14:00:00+00:00,1.12718,1.13083,1.12319,1.11607,8.8295,0.03222,,0.505,3600.00,-9995.67078,4.32808,0.999567,0.211699,0.063764,-1.877411
360,EURUSD,buy,2020-06-04T13:00:00+00:00,2020-06-04T14:00:00+00:00,1.12718,1.12679,1.12718,1.11607,2.9432,-0.00114,,0.505,3600.00,-9995.67192,4.32808,0.999567,0.211111,0.063764,-1.877411
361,EURUSD,sell,2020-06-10T19:00:00+00:00,2020-06-11T04:00:00+00:00,1.13860,1.13510,1.14244,1.13194,9.2745,0.03247,,0.62,32400.00,-9995.63945,4.37137,0.999563,0.213296,0.063767,-1.871718
362,EURUSD,sell,2020-06-10T19:00:00+00:00,2020-06-11T05:00:00+00:00,1.13860,1.13564,1.13525,1.13194,3.0915,0.00914,0.8833,0.62,36000.00,-9995.63030,4.36970,0.999563,0.215470,0.063768,-1.871830
363,EURUSD,sell,2020-06-25T12:00:00+00:00,2020-06-25T13:00:00+00:00,1.12077,1.12973,1.12508,1.12939,11.0068,-0.09857,-2.0795,0.505,3600.00,-9995.72887,4.27113,0.999573,0.214876,0.063767,-1.874476
364,EURUSD,buy,2020-07-02T12:00:00+00:00,2020-07-02T13:00:00+00:00,1.12669,1.12709,1.12595,1.12230,80.0836,0.03201,,0.505,3600.00,-9995.69686,4.29278,0.999571,0.217033,0.063770,-1.871752
365,EURUSD,buy,2020-07-02T12:00:00+00:00,2020-07-02T13:00:00+00:00,1.12669,1.12630,1.12669,1.12230,26.6945,-0.01036,,0.505,3600.00,-9995.70722,4.29278,0.999571,0.216438,0.063770,-1.871752
366,EURUSD,buy,2020-08-13T12:00:00+00:00,2020-08-13T13:00:00+00:00,1.18524,1.18270,1.18310,1.17618,24.1167,-0.06127,-1.1896,0.505,3600.00,-9995.76849,4.23151,0.999577,0.215847,0.063770,-1.867234
367,EURUSD,buy,2020-09-10T14:00:00+00:00,2020-09-10T15:00:00+00:00,1.18769,1.17376,1.18290,1.17411,9.5519,-0.13304,-2.9101,0.505,3600.00,-9995.90153,4.09847,0.999590,0.215259,0.063769,-1.868965
368,EURUSD,sell,2020-09-10T17:00:00+00:00,2020-09-10T19:00:00+00:00,1.18510,1.18162,1.18894,1.17850,8.8329,0.03075,,0.5700000000000001,7200.00,-9995.87078,4.16309,0.999584,0.217391,0.063772,-1.865856
369,EURUSD,sell,2020-09-10T18:00:00+00:00,2020-09-10T19:00:00+00:00,1.18213,1.18151,1.18309,1.18126,50.3910,0.03076,,0.65,3600.00,-9995.84002,4.16309,0.999584,0.219512,0.063775,-1.865856
370,EURUSD,sell,2020-09-10T18:00:00+00:00,2020-09-10T19:00:00+00:00,1.18213,1.18253,1.18213,1.18126,16.7970,-0.00680,,0.65,3600.00,-9995.84682,4.16309,0.999584,0.218919,0.063775,-1.865856
371,EURUSD,sell,2020-09-10T17:00:00+00:00,2020-09-10T20:00:00+00:00,1.18510,1.18235,1.18195,1.17850,2.9443,0.00810,0.8717,0.5700000000000001,10800.00,-9995.83872,4.16128,0.999584,0.221024,0.063775,-1.865951
372,EURUSD,sell,2020-09-24T12:00:00+00:00,2020-09-24T13:00:00+00:00,1.16359,1.16888,1.16526,1.16853,31.5248,-0.16676,-3.1691,0.505,3600.00,-9996.00548,3.99452,0.999601,0.220430,0.063774,-1.871827
373,EURUSD,sell,2020-09-29T12:00:00+00:00,2020-09-29T13:00:00+00:00,1.16995,1.17204,1.17164,1.16762,29.8098,-0.06238,-1.2374,0.6699999999999999,3600.00,-9996.06786,3.93214,0.999607,0.219839,0.063774,-1.874673
374,EURUSD,buy,2020-10-01T12:00:00+00:00,2020-10-01T13:00:00+00:00,1.17581,1.17323,1.17363,1.17176,21.4871,-0.05554,-1.1842,0.505,3600.00,-9996.12340,3.87660,0.999612,0.219251,0.063774,-1.877748
375,EURUSD,sell,2020-10-21T19:00:00+00:00,2020-10-21T20:00:00+00:00,1.18554,1.18658,1.18617,1.18536,143.5778,-0.14812,-1.6486,0.54,3600.00,-9996.27152,3.72848,0.999627,0.218667,0.063773,-1.882136
376,EURUSD,sell,2020-10-22T12:00:00+00:00,2020-10-22T13:00:00+00:00,1.18226,1.18764,1.18381,1.18728,31.0707,-0.16719,-3.4609,0.505,3600.00,-9996.43871,3.56129,0.999644,0.218085,0.063772,-1.891141
377,EURUSD,sell,2020-10-29T12:00:00+00:00,2020-10-29T13:00:00+00:00,1.17006,1.18130,1.17426,1.18095,9.2501,-0.10402,-2.6768,0.505,3600.00,-9996.54273,3.45727,0.999654,0.217507,0.063771,-1.896360
378,EURUSD,buy,2020-11-05T08:00:00+00:00,2020-11-05T09:00:00+00:00,1.17664,1.17970,1.17323,1.17061,8.4737,0.02592,,0.505,3600.00,-9996.51681,3.48205,0.999652,0.219577,0.063774,-1.893096
379,EURUSD,buy,2020-11-05T08:00:00+00:00,2020-11-05T09:00:00+00:00,1.17664,1.17624,1.17664,1.17061,2.8246,-0.00114,,0.505,3600.00,-9996.51795,3.48205,0.999652,0.218997,0.063774,-1.893096
380,EURUSD,sell,2020-11-13T18:00:00+00:00,2020-11-13T19:00:00+00:00,1.18214,1.18324,1.18284,1.18179,99.4872,-0.11039,-1.5745,0.5700000000000001,3600.00,-9996.62834,3.37166,0.999663,0.218421,0.063773,-1.898571
381,EURUSD,sell,2020-11-19T09:00:00+00:00,2020-11-19T10:00:00+00:00,1.18259,1.18759,1.18532,1.18723,14.1666,-0.07085,-1.8286,0.505,3600.00,-9996.69919,3.30081,0.999670,0.217848,0.063772,-1.902341
382,EURUSD,buy,2020-12-03T13:00:00+00:00,2020-12-03T14:00:00+00:00,1.21546,1.20701,1.21141,1.20737,8.9453,-0.07565,-2.0858,0.505,3600.00,-9996.77484,3.22516,0.999677,0.217277,0.063772,-1.904973
383,EURUSD,sell,2020-12-03T18:00:00+00:00,2020-12-04T08:00:00+00:00,1.21358,1.21672,1.21631,1.20920,13.6083,-0.04285,-1.1517,0.52,50400.00,-9996.81769,3.18231,0.999682,0.216710,0.063772,-1.907410
384,EURUSD,buy,2020-12-17T13:00:00+00:00,2020-12-17T14:00:00+00:00,1.22454,1.21877,1.22230,1.21914,17.0177,-0.09807,-2.5759,0.505,3600.00,-9996.91576,3.08424,0.999692,0.216146,0.063771,-1.911732
385,EURUSD,sell,2021-01-14T15:00:00+00:00,2021-01-14T16:00:00+00:00,1.21318,1.21614,1.21573,1.21880,14.0833,-0.04181,-1.1624,0.505,3600.00,-9996.95757,3.04243,0.999696,0.215584,0.063771,-1.909701
386,EURUSD,sell,2021-02-04T13:00:00+00:00,2021-02-04T14:00:00+00:00,1.19802,1.20600,1.19962,1.20564,24.5357,-0.19582,-4.9898,0.505,3600.00,-9997.15340,2.84660,0.999715,0.215026,0.063770,-1.917107
387,EURUSD,buy,2021-02-25T13:00:00+00:00,2021-02-25T14:00:00+00:00,1.22159,1.21121,1.21600,1.21157,5.4533,-0.05660,-1.8581,0.505,3600.00,-9997.21000,2.79000,0.999721,0.214470,0.063769,-1.917758
388,EURUSD,sell,2021-03-04T09:00:00+00:00,2021-03-04T10:00:00+00:00,1.20286,1.20436,1.20395,1.20840,38.2191,-0.05741,-1.3769,0.505,3600.00,-9997.26741,2.73259,0.999727,0.213918,0.063769,-1.921185
389,EURUSD,buy,2021-03-11T09:00:00+00:00,2021-03-11T10:00:00+00:00,1.19672,1.18825,1.19234,1.18861,6.7975,-0.05754,-1.9332,0.505,3600.00,-9997.32496,2.67504,0.999732,0.213368,0.063769,-1.924704
390,EURUSD,sell,2021-03-25T14:00:00+00:00,2021-03-25T15:00:00+00:00,1.17960,1.17788,1.18167,1.18548,11.6644,0.02007,,0.505,3600.00,-9997.30489,2.69354,0.999731,0.215385,0.063771,-1.920243
391,EURUSD,sell,2021-03-25T14:00:00+00:00,2021-03-25T15:00:00+00:00,1.17960,1.18000,1.17960,1.18548,3.8881,-0.00157,,0.505,3600.00,-9997.30646,2.69354,0.999731,0.214834,0.063771,-1.920243
392,EURUSD,sell,2021-04-07T12:00:00+00:00,2021-04-07T13:00:00+00:00,1.18810,1.18934,1.18893,1.18752,57.3094,-0.07068,-1.4920,0.72,3600.00,-9997.37713,2.62287,0.999738,0.214286,0.063770,-1.923646
393,EURUSD,buy,2021-04-23T07:00:00+00:00,2021-04-23T12:00:00+00:00,1.20575,1.20712,1.20402,1.20797,14.3588,0.01966,,0.516,18000.00,-9997.35747,2.64056,0.999736,0.216285,0.063772,-1.918879
394,EURUSD,buy,2021-04-23T07:00:00+00:00,2021-04-23T12:00:00+00:00,1.20575,1.20534,1.20575,1.20797,4.7863,-0.00197,,0.516,18000.00,-9997.35944,2.64056,0.999736,0.215736,0.063772,-1.918879
395,EURUSD,buy,2021-05-05T17:00:00+00:00,2021-05-06T06:00:00+00:00,1.20022,1.20107,1.19901,1.20156,23.2990,0.01979,,0.54,46800.00,-9997.33965,2.69595,0.999730,0.217722,0.063774,-1.905830
396,EURUSD,buy,2021-05-05T17:00:00+00:00,2021-05-06T06:00:00+00:00,1.20022,1.20120,1.20022,1.20156,7.7663,0.00761,,0.54,46800.00,-9997.33204,2.69595,0.999730,0.219697,0.063775,-1.905830
397,EURUSD,buy,2021-05-05T18:00:00+00:00,2021-05-06T06:00:00+00:00,1.20032,1.20127,1.19901,1.20186,20.8465,0.01979,,0.54,43200.00,-9997.31225,2.69595,0.999730,0.221662,0.063776,-1.905830
398,EURUSD,buy,2021-05-05T18:00:00+00:00,2021-05-06T06:00:00+00:00,1.20032,1.20150,1.20032,1.20186,6.9488,0.00820,,0.54,43200.00,-9997.30405,2.69595,0.999730,0.223618,0.063777,-1.905830
399,EURUSD,sell,2021-06-17T12:00:00+00:00,2021-06-17T13:00:00+00:00,1.19276,1.19444,1.19403,1.20613,29.6258,-0.04966,-1.3220,0.505,3600.00,-9997.35371,2.64629,0.999735,0.223058,0.063777,-1.902373
400,EURUSD,buy,2021-07-29T12:00:00+00:00,2021-07-29T13:00:00+00:00,1.18876,1.18198,1.18679,1.18233,16.4366,-0.11146,-3.4483,0.555,3600.00,-9997.46517,2.53483,0.999747,0.222500,0.063776,-1.903167
401,EURUSD,sell,2021-09-03T14:00:00+00:00,2021-09-03T15:00:00+00:00,1.18774,1.18898,1.18857,1.18716,53.9326,-0.06650,-1.4920,0.5700000000000001,3600.00,-9997.53167,2.46970,0.999753,0.221945,0.063776,-1.902308
402,EURUSD,sell,2021-09-03T18:00:00+00:00,2021-09-03T20:00:00+00:00,1.18874,1.18785,1.18999,1.18732,20.8005,0.01852,,0.62,7200.00,-9997.51315,2.48360,0.999752,0.223881,0.063778,-1.901243
403,EURUSD,sell,2021-09-03T19:00:00+00:00,2021-09-03T20:00:00+00:00,1.18765,1.18785,1.18827,1.18749,94.9358,-0.01829,-0.3125,0.5700000000000001,3600.00,-9997.53144,2.48360,0.999752,0.223325,0.063777,-1.901243
404,EURUSD,sell,2021-09-03T18:00:00+00:00,2021-09-03T21:00:00+00:00,1.18874,1.18814,1.18773,1.18732,6.9335,0.00421,0.5990,0.62,10800.00,-9997.52723,2.48078,0.999752,0.225248,0.063778,-1.901465
405,EURUSD,sell,2021-09-03T13:00:00+00:00,2021-09-06T09:00:00+00:00,1.18845,1.18616,1.19110,1.18423,8.3018,0.01902,,0.62,244800.00,-9997.50821,2.49844,0.999750,0.227160,0.063780,-1.899834
406,EURUSD,sell,2021-09-03T13:00:00+00:00,2021-09-06T10:00:00+00:00,1.18845,1.18700,1.18659,1.18423,2.7673,0.00403,0.7821,0.62,248400.00,-9997.50418,2.49582,0.999750,0.229064,0.063780,-1.900117
407,EURUSD,sell,2021-09-30T12:00:00+00:00,2021-09-30T13:00:00+00:00,1.15871,1.16435,1.16068,1.16400,15.4063,-0.08684,-2.8647,0.505,3600.00,-9997.59102,2.40898,0.999759,0.228501,0.063780,-1.903032
408,EURUSD,buy,2021-10-14T12:00:00+00:00,2021-10-14T13:00:00+00:00,1.16097,1.15971,1.16011,1.15634,47.2349,-0.05934,-1.4638,0.505,3600.00,-9997.65036,2.34964,0.999765,0.227941,0.063779,-1.905933
409,EURUSD,sell,2021-11-11T09:00:00+00:00,2021-11-11T10:00:00+00:00,1.14597,1.15101,1.14785,1.15066,15.2574,-0.07688,-2.6748,0.505,3600.00,-9997.72724,2.27276,0.999773,0.227384,0.063779,-1.907767
410,EURUSD,buy,2021-11-18T13:00:00+00:00,2021-11-18T14:00:00+00:00,1.13379,1.13238,1.13277,1.13014,33.4229,-0.04712,-1.3822,0.505,3600.00,-9997.77436,2.22564,0.999777,0.226829,0.063778,-1.911148
411,EURUSD,buy,2021-12-07T20:00:00+00:00,2021-12-07T22:00:00+00:00,1.12710,1.12604,1.12643,1.12742,67.4436,-0.07122,-1.5807,0.6499999999999999,7200.00,-9997.84558,2.15442,0.999785,0.226277,0.063778,-1.914445
412,EURUSD,buy,2021-12-16T08:00:00+00:00,2021-12-16T09:00:00+00:00,1.13210,1.12505,1.12835,1.12539,6.3180,-0.04452,-1.8795,0.505,3600.00,-9997.89010,2.10990,0.999789,0.225728,0.063778,-1.917440
413,EURUSD,buy,2022-01-13T08:00:00+00:00,2022-01-13T09:00:00+00:00,1.14695,1.14026,1.14375,1.14060,7.3773,-0.04940,-2.0899,0.505,3600.00,-9997.93950,2.06050,0.999794,0.225182,0.063777,-1.917585
414,EURUSD,sell,2022-01-27T08:00:00+00:00,2022-01-27T09:00:00+00:00,1.11976,1.12545,1.12289,1.12511,7.3853,-0.04197,-1.8181,0.505,3600.00,-9997.98148,2.01852,0.999798,0.224638,0.063777,-1.919625
415,EURUSD,sell,2022-02-24T18:00:00+00:00,2022-02-24T19:00:00+00:00,1.11872,1.13410,1.12510,1.13376,3.3419,-0.05138,-2.4116,0.505,3600.00,-9998.03286,1.96714,0.999803,0.224096,0.063777,-1.920156
416,EURUSD,sell,2022-03-29T17:00:00+00:00,2022-03-30T03:00:00+00:00,1.10740,1.11228,1.11190,1.09939,4.7174,-0.02305,-1.0852,0.5700000000000001,36000.00,-9998.05591,1.94409,0.999806,0.223558,0.063777,-1.916634
417,EURUSD,buy,2022-04-14T07:00:00+00:00,2022-04-14T08:00:00+00:00,1.09115,1.08874,1.08997,1.08907,22.8717,-0.05498,-2.0420,0.505,3600.00,-9998.11089,1.88911,0.999811,0.223022,0.063776,-1.919958
418,EURUSD,buy,2022-04-21T12:00:00+00:00,2022-04-21T13:00:00+00:00,1.08943,1.08686,1.08724,1.07248,10.1565,-0.02603,-1.1720,0.505,3600.00,-9998.13692,1.86308,0.999814,0.222488,0.063776,-1.921876
419,EURUSD,sell,2022-05-12T13:00:00+00:00,2022-05-12T14:00:00+00:00,1.03958,1.06584,1.04401,1.06552,4.5220,-0.11876,-5.9255,0.555,3600.00,-9998.25568,1.74432,0.999826,0.221957,0.063776,-1.928746
420,EURUSD,sell,2022-06-17T13:00:00+00:00,2022-06-17T14:00:00+00:00,1.04813,1.04556,1.05100,1.03590,5.1103,0.01309,,0.516,3600.00,-9998.24259,1.75679,0.999824,0.223810,0.063777,-1.920698
421,EURUSD,sell,2022-06-17T13:00:00+00:00,2022-06-17T14:00:00+00:00,1.04813,1.04849,1.04813,1.03590,1.7034,-0.00062,,0.516,3600.00,-9998.24321,1.75679,0.999824,0.223278,0.063777,-1.920698
422,EURUSD,sell,2022-06-30T12:00:00+00:00,2022-06-30T13:00:00+00:00,1.03948,1.05242,1.04486,1.05210,3.4651,-0.04483,-2.4039,0.505,3600.00,-9998.28804,1.71196,0.999829,0.222749,0.063777,-1.923846
423,EURUSD,buy,2022-08-25T07:00:00+00:00,2022-08-25T08:00:00+00:00,1.00024,0.99840,0.99875,0.99390,14.3862,-0.02646,-1.2346,0.505,3600.00,-9998.31451,1.68549,0.999831,0.222222,0.063776,-1.917698
424,EURUSD,buy,2022-10-28T19:00:00+00:00,2022-10-30T21:00:00+00:00,0.99690,0.99545,0.99580,0.99820,21.0687,-0.03050,-1.3173,0.67,180000.00,-9998.34501,1.65499,0.999835,0.221698,0.063776,-1.910712
425,EURUSD,sell,2022-11-03T12:00:00+00:00,2022-11-03T13:00:00+00:00,0.97378,0.99311,0.98200,0.99281,2.0870,-0.04034,-2.3510,0.505,3600.00,-9998.38535,1.61465,0.999839,0.221176,0.063776,-1.915157
426,EURUSD,buy,2022-12-01T15:00:00+00:00,2022-12-01T16:00:00+00:00,1.04901,1.03613,1.04225,1.03644,2.5033,-0.03226,-1.9048,0.555,3600.00,-9998.41761,1.58239,0.999842,0.220657,0.063776,-1.914760
427,EURUSD,sell,2023-02-23T18:00:00+00:00,2023-02-23T19:00:00+00:00,1.05849,1.06659,1.06210,1.06627,4.8097,-0.03895,-2.2445,0.505,3600.00,-9998.45655,1.53864,0.999846,0.220141,0.063775,-1.906507
428,EURUSD,buy,2023-02-23T20:00:00+00:00,2023-02-23T21:00:00+00:00,1.06062,1.05937,1.05974,1.06142,27.5616,-0.03434,-1.4190,0.5700000000000001,3600.00,-9998.49089,1.50354,0.999850,0.219626,0.063775,-1.909670
429,EURUSD,buy,2023-02-23T19:00:00+00:00,2023-02-24T01:00:00+00:00,1.05986,1.06088,1.05852,1.06158,11.3489,0.01157,,0.62,21600.00,-9998.47932,1.51928,0.999848,0.221445,0.063776,-1.909665
430,EURUSD,buy,2023-02-23T19:00:00+00:00,2023-02-24T01:00:00+00:00,1.05986,1.05949,1.05986,1.06158,3.7830,-0.00139,,0.62,21600.00,-9998.48072,1.51928,0.999848,0.220930,0.063776,-1.909665
431,EURUSD,buy,2023-03-09T14:00:00+00:00,2023-03-09T15:00:00+00:00,1.05782,1.05188,1.05516,1.05220,6.4927,-0.03852,-2.2327,0.505,3600.00,-9998.51924,1.47755,0.999852,0.220418,0.063776,-1.913114
432,EURUSD,sell,2023-03-09T15:00:00+00:00,2023-03-09T16:00:00+00:00,1.05654,1.05869,1.05832,1.05394,10.1422,-0.02175,-1.2068,0.5700000000000001,3600.00,-9998.54099,1.45901,0.999854,0.219907,0.063776,-1.915000
433,EURUSD,sell,2023-03-09T19:00:00+00:00,2023-03-09T22:00:00+00:00,1.05723,1.05869,1.05832,1.05601,18.9482,-0.02757,-1.3380,0.59,10800.00,-9998.56855,1.43145,0.999857,0.219400,0.063776,-1.917131
434,EURUSD,sell,2023-03-10T20:00:00+00:00,2023-03-12T21:00:00+00:00,1.06336,1.06573,1.06536,1.06032,8.5205,-0.02018,-1.1849,0.62,176400.00,-9998.58873,1.41127,0.999859,0.218894,0.063776,-1.919814
435,EURUSD,buy,2023-04-13T14:00:00+00:00,2023-04-13T15:00:00+00:00,1.10502,1.09196,1.10064,1.09229,3.4846,-0.04551,-2.9806,0.505,3600.00,-9998.63424,1.36576,0.999863,0.218391,0.063775,-1.920892
436,EURUSD,buy,2023-05-09T18:00:00+00:00,2023-05-09T21:00:00+00:00,1.09697,1.09451,1.09489,1.10014,7.8043,-0.01918,-1.1820,0.6,10800.00,-9998.65342,1.34658,0.999865,0.217890,0.063775,-1.919703
437,EURUSD,sell,2023-05-11T12:00:00+00:00,2023-05-11T13:00:00+00:00,1.09294,1.10341,1.09612,1.10308,4.7248,-0.04946,-3.2942,0.555,3600.00,-9998.70288,1.29712,0.999870,0.217391,0.063775,-1.926353
438,EURUSD,sell,2023-05-25T06:00:00+00:00,2023-05-25T07:00:00+00:00,1.07289,1.07193,1.07417,1.07467,10.1337,0.00973,,0.505,3600.00,-9998.69315,1.30559,0.999869,0.219178,0.063776,-1.922484
439,EURUSD,sell,2023-05-25T06:00:00+00:00,2023-05-25T07:00:00+00:00,1.07289,1.07326,1.07289,1.07467,3.3779,-0.00126,,0.505,3600.00,-9998.69441,1.30559,0.999869,0.218679,0.063776,-1.922484
440,EURUSD,sell,2023-06-13T17:00:00+00:00,2023-06-13T19:00:00+00:00,1.07857,1.07957,1.07920,1.07827,42.1159,-0.04243,-1.5899,0.7,7200.00,-9998.73684,1.26241,0.999874,0.218182,0.063776,-1.925801
441,EURUSD,sell,2023-06-13T13:00:00+00:00,2023-06-14T12:00:00+00:00,1.07908,1.08139,1.08102,1.07616,8.0592,-0.01868,-1.1926,0.65,82800.00,-9998.75552,1.24448,0.999876,0.217687,0.063776,-1.928713
442,EURUSD,sell,2023-06-14T19:00:00+00:00,2023-06-15T12:00:00+00:00,1.08234,1.08698,1.08660,1.07478,3.1586,-0.01466,-1.0882,0.5700000000000001,61200.00,-9998.77018,1.22982,0.999877,0.217195,0.063775,-1.931278
443,EURUSD,buy,2023-07-28T13:00:00+00:00,2023-08-01T01:00:00+00:00,1.10204,1.09802,1.09840,1.11496,3.7155,-0.01494,-1.1042,0.516,302400.00,-9998.78511,1.21489,0.999879,0.216704,0.063775,-1.925734
444,EURUSD,buy,2023-08-10T13:00:00+00:00,2023-08-10T14:00:00+00:00,1.10428,1.10087,1.10125,1.08932,4.4996,-0.01535,-1.1255,0.505,3600.00,-9998.80046,1.19954,0.999880,0.216216,0.063775,-1.927028
445,EURUSD,buy,2023-08-25T13:00:00+00:00,2023-08-25T14:00:00+00:00,1.08110,1.08152,1.08036,1.09303,21.4203,0.00899,,0.516,3600.00,-9998.79147,1.20585,0.999879,0.217978,0.063776,-1.923358
446,EURUSD,buy,2023-08-25T13:00:00+00:00,2023-08-25T14:00:00+00:00,1.08110,1.08073,1.08110,1.09303,7.1401,-0.00267,,0.516,3600.00,-9998.79415,1.20585,0.999879,0.217489,0.063776,-1.923358
447,EURUSD,sell,2023-09-07T14:00:00+00:00,2023-09-07T15:00:00+00:00,1.06999,1.07761,1.07197,1.07729,7.2642,-0.05538,-3.8485,0.505,3600.00,-9998.84953,1.15047,0.999885,0.217002,0.063776,-1.929362
448,EURUSD,buy,2023-10-03T17:00:00+00:00,2023-10-03T18:00:00+00:00,1.04722,1.04582,1.04618,1.04837,15.7599,-0.02219,-1.3485,0.5900000000000001,3600.00,-9998.87172,1.12828,0.999887,0.216518,0.063776,-1.929207
449,EURUSD,buy,2023-11-02T14:00:00+00:00,2023-11-02T15:00:00+00:00,1.06428,1.06247,1.06284,1.05323,10.0739,-0.01821,-1.2563,0.505,3600.00,-9998.88993,1.11007,0.999889,0.216036,0.063776,-1.927833
450,EURUSD,buy,2023-11-22T18:00:00+00:00,2023-11-22T19:00:00+00:00,1.08879,1.08768,1.08806,1.08926,27.7517,-0.03061,-1.5181,0.5700000000000001,3600.00,-9998.92054,1.07946,0.999892,0.215556,0.063775,-1.930084
451,EURUSD,buy,2023-11-22T20:00:00+00:00,2023-11-23T02:00:00+00:00,1.08906,1.08973,1.08806,1.09007,12.0835,0.00809,,0.5700000000000001,21600.00,-9998.91245,1.09031,0.999891,0.217295,0.063776,-1.928630
452,EURUSD,buy,2023-11-22T20:00:00+00:00,2023-11-23T02:00:00+00:00,1.08906,1.08974,1.08906,1.09007,4.0278,0.00276,,0.5700000000000001,21600.00,-9998.90969,1.09031,0.999891,0.219027,0.063776,-1.928630
453,EURUSD,sell,2023-12-08T15:00:00+00:00,2023-12-08T16:00:00+00:00,1.07650,1.07591,1.07741,1.07236,13.8599,0.00818,,0.516,3600.00,-9998.90150,1.09677,0.999890,0.220751,0.063777,-1.924852
454,EURUSD,sell,2023-12-08T15:00:00+00:00,2023-12-08T16:00:00+00:00,1.07650,1.07687,1.07650,1.07236,4.6200,-0.00172,,0.516,3600.00,-9998.90323,1.09677,0.999890,0.220264,0.063777,-1.924852
455,EURUSD,sell,2023-12-22T18:00:00+00:00,2023-12-22T19:00:00+00:00,1.10098,1.10058,1.10184,1.10025,20.6938,0.00827,0.4644,0.67,3600.00,-9998.89496,1.10504,0.999889,0.221978,0.063778,-1.920846
456,EURUSD,sell,2023-12-22T20:00:00+00:00,2023-12-25T00:00:00+00:00,1.10092,1.10041,1.10176,1.10023,16.2506,0.00829,,0.67,187200.00,-9998.88666,1.11128,0.999889,0.223684,0.063779,-1.923020
457,EURUSD,sell,2023-12-22T20:00:00+00:00,2023-12-25T00:00:00+00:00,1.10092,1.10130,1.10092,1.10023,5.4169,-0.00206,,0.67,187200.00,-9998.88872,1.11128,0.999889,0.223195,0.063779,-1.923020
458,EURUSD,sell,2024-02-01T08:00:00+00:00,2024-02-01T09:00:00+00:00,1.07884,1.08386,1.08214,1.08353,3.7291,-0.01872,-1.5191,0.505,3600.00,-9998.90744,1.09256,0.999891,0.222707,0.063779,-1.920580
459,EURUSD,buy,2024-02-15T13:00:00+00:00,2024-02-15T14:00:00+00:00,1.07696,1.06761,1.07276,1.06793,2.8159,-0.02634,-2.2254,0.505,3600.00,-9998.93378,1.06622,0.999893,0.222222,0.063778,-1.923202
460,EURUSD,buy,2024-02-22T09:00:00+00:00,2024-02-22T10:00:00+00:00,1.08562,1.07690,1.08211,1.07722,3.3529,-0.02923,-2.4871,0.555,3600.00,-9998.96301,1.03699,0.999896,0.221739,0.063778,-1.927459
461,EURUSD,buy,2024-02-28T14:00:00+00:00,2024-02-29T08:00:00+00:00,1.08331,1.08430,1.08200,1.08497,7.8560,0.00777,,0.5700000000000001,64800.00,-9998.95524,1.04378,0.999896,0.223427,0.063779,-1.924369
462,EURUSD,buy,2024-02-28T14:00:00+00:00,2024-02-29T08:00:00+00:00,1.08331,1.08294,1.08331,1.08497,2.6187,-0.00098,,0.5700000000000001,64800.00,-9998.95622,1.04378,0.999896,0.222944,0.063779,-1.924369
463,EURUSD,sell,2024-03-28T12:00:00+00:00,2024-03-28T13:00:00+00:00,1.08050,1.08712,1.08277,1.08679,5.3527,-0.03544,-2.9110,0.505,3600.00,-9998.99166,1.00834,0.999899,0.222462,0.063779,-1.926353
464,EURUSD,buy,2024-04-04T14:00:00+00:00,2024-04-04T15:00:00+00:00,1.08709,1.08115,1.08534,1.08147,7.1010,-0.04218,-3.4023,0.505,3600.00,-9999.03384,0.96616,0.999903,0.221983,0.063779,-1.932654
465,EURUSD,sell,2024-04-11T17:00:00+00:00,2024-04-11T18:00:00+00:00,1.07244,1.07774,1.07466,1.07742,5.0851,-0.02698,-2.3877,0.505,3600.00,-9999.06082,0.93918,0.999906,0.221505,0.063778,-1.936956
466,EURUSD,buy,2024-04-11T19:00:00+00:00,2024-04-11T23:00:00+00:00,1.07320,1.07208,1.07245,1.07374,21.8415,-0.02454,-1.4944,0.65,14400.00,-9999.08536,0.91464,0.999909,0.221030,0.063778,-1.940215
467,EURUSD,buy,2024-04-18T07:00:00+00:00,2024-04-18T08:00:00+00:00,1.06842,1.06666,1.06736,1.06698,12.3600,-0.02176,-1.6602,0.505,3600.00,-9999.10712,0.89288,0.999911,0.220557,0.063778,-1.943824
468,EURUSD,sell,2024-08-29T12:00:00+00:00,2024-08-29T13:00:00+00:00,1.10808,1.12029,1.11019,1.11995,5.0162,-0.06124,-5.7791,0.505,3600.00,-9999.16836,0.83164,0.999917,0.220085,0.063778,-1.933084
469,EURUSD,buy,2024-09-05T17:00:00+00:00,2024-09-05T18:00:00+00:00,1.11100,1.10308,1.10906,1.10341,5.1655,-0.04093,-4.0779,0.505,3600.00,-9999.20929,0.79071,0.999921,0.219616,0.063777,-1.940095
470,EURUSD,sell,2024-10-10T17:00:00+00:00,2024-10-10T18:00:00+00:00,1.09156,1.09815,1.09317,1.09782,6.1774,-0.04069,-4.0974,0.505,3600.00,-9999.24998,0.75002,0.999925,0.219149,0.063777,-1.943043
471,EURUSD,buy,2024-11-12T20:00:00+00:00,2024-11-13T05:00:00+00:00,1.06253,1.06065,1.06102,1.06459,6.3027,-0.01183,-1.2441,0.6699999999999999,32400.00,-9999.26181,0.73819,0.999926,0.218684,0.063777,-1.940582
472,EURUSD,sell,2024-11-14T13:00:00+00:00,2024-11-14T14:00:00+00:00,1.05272,1.05507,1.05470,1.06010,4.4469,-0.01042,-1.1854,0.555,3600.00,-9999.27223,0.72777,0.999927,0.218220,0.063777,-1.943316
473,EURUSD,buy,2024-12-05T18:00:00+00:00,2024-12-05T19:00:00+00:00,1.05712,1.05838,1.05554,1.04681,4.3320,0.00546,,0.505,3600.00,-9999.26677,0.73270,0.999927,0.219873,0.063778,-1.938601
474,EURUSD,buy,2024-12-05T18:00:00+00:00,2024-12-05T19:00:00+00:00,1.05712,1.05675,1.05712,1.04681,1.4440,-0.00053,,0.505,3600.00,-9999.26730,0.73270,0.999927,0.219409,0.063778,-1.938601
475,EURUSD,sell,2025-02-14T20:00:00+00:00,2025-02-18T01:00:00+00:00,1.04887,1.04696,1.05108,1.04538,2.8922,0.00550,,0.5700000000000001,277200.00,-9999.26180,0.74039,0.999926,0.221053,0.063778,-1.925776
476,EURUSD,sell,2025-02-14T20:00:00+00:00,2025-02-18T02:00:00+00:00,1.04887,1.04741,1.04705,1.04538,0.9641,0.00140,0.7994,0.5700000000000001,280800.00,-9999.26040,0.73960,0.999926,0.222689,0.063778,-1.926019
477,EURUSD,buy,2025-02-19T19:00:00+00:00,2025-02-19T22:00:00+00:00,1.04287,1.04132,1.04168,1.04432,8.4045,-0.01307,-1.3039,0.5700000000000001,10800.00,-9999.27348,0.72652,0.999927,0.222222,0.063778,-1.929382
478,EURUSD,buy,2025-03-06T15:00:00+00:00,2025-03-06T16:00:00+00:00,1.08202,1.07586,1.07897,1.07618,2.6613,-0.01641,-2.0191,0.505,3600.00,-9999.28989,0.71011,0.999929,0.221757,0.063778,-1.931517
479,EURUSD,sell,2025-03-20T12:00:00+00:00,2025-03-20T13:00:00+00:00,1.08303,1.09916,1.08537,1.09883,3.5329,-0.05697,-6.9056,0.505,3600.00,-9999.34685,0.65315,0.999935,0.221294,0.063778,-1.939365
480,EURUSD,buy,2025-04-03T17:00:00+00:00,2025-04-03T18:00:00+00:00,1.10276,1.06802,1.09406,1.06834,0.7803,-0.02711,-3.9929,0.505,3600.00,-9999.37396,0.62604,0.999937,0.220833,0.063778,-1.944303
