trade_id,symbol,side,entry_time,exit_time,entry_price,exit_price,stop,target,size,pnl,r_multiple,confluence,duration_seconds,cumulative_pnl,equity_at_exit,drawdown,running_win_rate,running_profit_factor,running_sharpe
1,EURUSD,buy,2003-05-15T14:00:00+00:00,2003-05-15T17:00:00+00:00,1.14590,1.14249,1.14249,1.15221,30864.1975,-105.30431,-1.0000,,10800.00,-105.30431,9762.30770,0.037010,0.000000,0.000000,-3.928874
2,EURUSD,buy,2003-05-08T19:00:00+00:00,2003-05-18T21:00:00+00:00,1.14983,1.16550,1.13416,1.18066,4838.7097,75.83443,,,871200.00,-29.46987,10102.99026,0.003404,0.500000,0.720146,1.365440
3,EURUSD,buy,2003-05-08T20:00:00+00:00,2003-05-18T21:00:00+00:00,1.15013,1.16560,1.13466,1.18056,4901.9608,75.84556,,,867600.00,46.37568,10102.99026,0.003404,0.666667,1.440397,1.365440
4,EURUSD,buy,2003-05-08T19:00:00+00:00,2003-05-18T22:00:00+00:00,1.14983,1.16631,1.16631,1.18066,1612.9032,26.57670,1.0000,,874800.00,72.95238,10099.38621,0.003759,0.750000,1.692777,1.327150
5,EURUSD,buy,2003-05-08T20:00:00+00:00,2003-05-18T22:00:00+00:00,1.15013,1.16631,1.16631,1.18056,1633.9869,26.43383,1.0000,,871200.00,99.38621,10099.38621,0.003759,0.800000,1.943800,1.327150
6,EURUSD,sell,2003-09-16T13:00:00+00:00,2003-09-16T17:00:00+00:00,1.12340,1.11560,1.13120,1.10831,9927.3128,77.41850,,,14400.00,176.80471,10117.20533,0.002001,0.833333,2.678988,0.555268
7,EURUSD,sell,2003-09-16T13:00:00+00:00,2003-09-16T18:00:00+00:00,1.12340,1.11763,1.11763,1.10831,3309.1043,19.09838,1.0000,,18000.00,195.90309,10115.87691,0.002132,0.857143,2.860352,0.549895
8,EURUSD,buy,2003-09-12T15:00:00+00:00,2003-09-21T22:00:00+00:00,1.13085,1.14841,1.11329,1.16546,4355.6870,76.48413,,,802800.00,272.38722,10298.53644,0.000000,0.875000,3.586667,1.239283
9,EURUSD,buy,2003-09-12T15:00:00+00:00,2003-09-21T23:00:00+00:00,1.13085,1.14457,1.14457,1.16546,1451.8957,19.92059,1.0000,,806400.00,292.30781,10292.30781,0.000605,0.888889,3.775839,1.218313
10,EURUSD,buy,2004-01-08T19:00:00+00:00,2004-01-15T18:00:00+00:00,1.27603,1.25679,1.25679,1.31394,5402.7863,-103.95704,-1.0000,,601200.00,188.35077,10188.35077,0.016589,0.800000,1.900074,0.671239
11,EURUSD,buy,2004-01-27T20:00:00+00:00,2004-01-28T19:00:00+00:00,1.26363,1.24765,1.24765,1.29502,6452.4071,-103.10634,-1.0000,,82800.00,85.24442,10125.14928,0.022689,0.727273,1.272898,0.457632
12,EURUSD,sell,2004-01-23T20:00:00+00:00,2004-01-29T15:00:00+00:00,1.25814,1.24033,1.27595,1.22309,4336.6987,77.23118,,,500400.00,162.47560,10192.89213,0.016150,0.750000,1.520142,0.671035
13,EURUSD,sell,2004-01-23T20:00:00+00:00,2004-01-29T16:00:00+00:00,1.25814,1.23925,1.23925,1.22309,1445.5662,27.30855,1.0000,,504000.00,189.78416,10189.78416,0.016450,0.769231,1.607567,0.663885
14,EURUSD,buy,2004-03-03T07:00:00+00:00,2004-03-03T10:00:00+00:00,1.21938,1.21471,1.21471,1.22818,22694.3968,-106.04819,-1.0000,,10800.00,83.73597,10083.73597,0.026686,0.714286,1.200126,0.366707
15,EURUSD,buy,2004-03-03T19:00:00+00:00,2004-03-05T13:00:00+00:00,1.21857,1.23169,1.20546,1.24425,5849.0348,76.69698,,,151200.00,160.43295,10160.43295,0.019283,0.733333,1.383429,0.581279
16,EURUSD,buy,2004-03-03T19:00:00+00:00,2004-03-05T13:00:00+00:00,1.21857,1.21857,1.21857,1.24425,1949.6783,0.00000,,,151200.00,160.43295,10160.43295,0.019283,0.687500,1.383429,0.581279
17,EURUSD,buy,2004-03-17T18:00:00+00:00,2004-03-18T14:00:00+00:00,1.22462,1.23195,1.21730,1.23872,10672.7237,78.16346,,,72000.00,238.59641,10265.30075,0.009161,0.705882,1.570237,0.675018
18,EURUSD,buy,2004-03-17T18:00:00+00:00,2004-03-18T15:00:00+00:00,1.22462,1.23187,1.23187,1.23872,3557.5746,25.77937,1.0000,,75600.00,264.37578,10264.37578,0.009251,0.722222,1.631849,0.673382
19,EURUSD,sell,2004-04-01T18:00:00+00:00,2004-04-02T11:00:00+00:00,1.23426,1.22991,1.23862,1.22611,18461.1075,80.40122,,,61200.00,344.77700,10389.06953,0.000000,0.736842,1.824006,0.825148
20,EURUSD,sell,2004-04-01T18:00:00+00:00,2004-04-02T12:00:00+00:00,1.23426,1.23158,1.23158,1.22611,6153.7025,16.52166,1.0000,,64800.00,361.29866,10362.66037,0.002542,0.750000,1.863492,0.793403
21,EURUSD,sell,2004-04-01T15:00:00+00:00,2004-04-02T13:00:00+00:00,1.23202,1.22541,1.23862,1.21936,11991.0932,79.19913,,,79200.00,440.49779,10440.49779,0.000000,0.761905,2.052775,0.877761
22,EURUSD,sell,2004-04-01T15:00:00+00:00,2004-04-02T13:00:00+00:00,1.23202,1.23202,1.23202,1.21936,3997.0311,0.00000,,,79200.00,440.49779,10440.49779,0.000000,0.727273,2.052775,0.877761
23,EURUSD,sell,2004-04-16T18:00:00+00:00,2004-04-19T06:00:00+00:00,1.19869,1.20442,1.20442,1.18777,18811.7077,-107.78790,-1.0000,,216000.00,332.70989,10332.70989,0.010324,0.695652,1.632283,0.655482
24,EURUSD,sell,2004-04-30T14:00:00+00:00,2004-04-30T16:00:00+00:00,1.19892,1.19695,1.20089,1.19552,43293.4772,85.28231,,,7200.00,417.99220,10436.59597,0.000374,0.708333,1.794354,0.798582
25,EURUSD,sell,2004-04-30T14:00:00+00:00,2004-04-30T17:00:00+00:00,1.19892,1.19850,1.19850,1.19552,14431.1591,6.06304,1.0000,,10800.00,424.05523,10399.15742,0.003960,0.720000,1.805876,0.746925
26,EURUSD,sell,2004-04-30T15:00:00+00:00,2004-05-03T13:00:00+00:00,1.19735,1.19381,1.20089,1.19081,23064.0846,81.63831,,,252000.00,505.69355,10530.06745,0.000000,0.730769,1.961022,0.919491
27,EURUSD,sell,2004-04-30T15:00:00+00:00,2004-05-03T14:00:00+00:00,1.19735,1.19581,1.19581,1.19081,7688.0282,11.84241,1.0000,,255600.00,517.53596,10517.53596,0.001190,0.740741,1.983528,0.903941
28,EURUSD,buy,2004-05-20T19:00:00+00:00,2004-05-21T02:00:00+00:00,1.19360,1.19778,1.18942,1.20142,19720.3799,82.41172,,,25200.00,599.94768,10617.70742,0.000000,0.750000,2.140143,0.955899
29,EURUSD,buy,2004-05-20T19:00:00+00:00,2004-05-21T03:00:00+00:00,1.19360,1.19629,1.19629,1.20142,6573.4600,17.68910,1.0000,,28800.00,617.63678,10629.40044,0.000000,0.758621,2.173760,0.972538
30,EURUSD,buy,2004-05-20T20:00:00+00:00,2004-05-21T09:00:00+00:00,1.19640,1.20338,1.18942,1.20982,11600.2235,80.96298,,,46800.00,698.59976,10726.82917,0.000000,0.766667,2.327622,1.092329
31,EURUSD,buy,2004-05-20T20:00:00+00:00,2004-05-21T10:00:00+00:00,1.19640,1.20263,1.20263,1.20982,3866.7412,24.09199,1.0000,,50400.00,722.69175,10722.69175,0.000386,0.774194,2.373407,1.087971
32,EURUSD,sell,2004-06-08T19:00:00+00:00,2004-06-09T10:00:00+00:00,1.22607,1.21861,1.23352,1.21171,11061.9241,82.45489,,,54000.00,805.14664,10832.89755,0.000000,0.781250,2.530104,1.176058
33,EURUSD,sell,2004-06-08T19:00:00+00:00,2004-06-09T11:00:00+00:00,1.22607,1.21906,1.21906,1.21171,3687.3080,25.83351,1.0000,,57600.00,830.98015,10830.98015,0.000177,0.787879,2.579198,1.174044
34,EURUSD,sell,2004-08-27T19:00:00+00:00,2004-08-31T10:00:00+00:00,1.20045,1.21034,1.21034,1.18121,11154.4595,-110.31866,-1.0000,,313200.00,720.66150,10610.24956,0.022473,0.764706,2.132186,0.784655
35,EURUSD,sell,2004-08-27T20:00:00+00:00,2004-08-31T10:00:00+00:00,1.20056,1.21002,1.21002,1.18218,11671.3148,-110.41193,-1.0000,,309600.00,610.24956,10610.24956,0.022473,0.742857,1.817006,0.784655
36,EURUSD,sell,2004-09-10T19:00:00+00:00,2004-09-15T12:00:00+00:00,1.22627,1.22184,1.23069,1.21797,18768.1301,83.02960,,,406800.00,693.27916,10844.66357,0.000876,0.750000,1.928166,0.904255
37,EURUSD,sell,2004-09-10T20:00:00+00:00,2004-09-15T12:00:00+00:00,1.22554,1.22038,1.23069,1.21578,16011.4430,82.52070,,,403200.00,775.79986,10844.66357,0.000876,0.756757,2.038645,0.904255
38,EURUSD,sell,2004-09-10T19:00:00+00:00,2004-09-15T13:00:00+00:00,1.22627,1.22146,1.22146,1.21797,6256.0434,30.06675,1.0000,,410400.00,805.86661,10827.62158,0.002446,0.763158,2.078899,0.890332
39,EURUSD,sell,2004-09-10T20:00:00+00:00,2004-09-15T13:00:00+00:00,1.22554,1.22146,1.22146,1.21578,5337.1477,21.75497,1.0000,,406800.00,827.62158,10827.62158,0.002446,0.769231,2.108024,0.890332
40,EURUSD,sell,2004-09-28T19:00:00+00:00,2004-09-30T11:00:00+00:00,1.23140,1.23462,1.23462,1.22550,35617.1763,-114.85603,-1.0000,,144000.00,712.76556,10712.76556,0.013157,0.750000,1.827075,0.753481
41,EURUSD,sell,2004-11-23T20:00:00+00:00,2004-11-24T06:00:00+00:00,1.30728,1.31010,1.31010,1.30224,40888.4182,-115.14677,-1.0000,,36000.00,597.61878,10597.61878,0.023764,0.731707,1.611727,0.562136
42,EURUSD,sell,2004-12-02T19:00:00+00:00,2004-12-03T13:00:00+00:00,1.32653,1.33588,1.33588,1.30843,11582.0970,-108.28114,-1.0000,,64800.00,489.33765,10381.04119,0.043715,0.714286,1.450912,0.318160
43,EURUSD,sell,2004-12-02T20:00:00+00:00,2004-12-03T13:00:00+00:00,1.32659,1.33588,1.33588,1.30861,11658.5465,-108.29645,-1.0000,,61200.00,381.04119,10381.04119,0.043715,0.697674,1.319260,0.318160
44,EURUSD,sell,2005-01-11T13:00:00+00:00,2005-01-11T20:00:00+00:00,1.31403,1.31117,1.31690,1.30889,29160.2281,83.60630,,,25200.00,464.64749,10565.17876,0.026752,0.704545,1.389310,0.470882
45,EURUSD,sell,2005-01-11T13:00:00+00:00,2005-01-11T21:00:00+00:00,1.31403,1.31140,1.31140,1.30889,9720.0760,25.59165,1.0000,,28800.00,490.23914,10586.43239,0.024794,0.711111,1.410752,0.486802
46,EURUSD,sell,2005-01-11T18:00:00+00:00,2005-01-12T01:00:00+00:00,1.31296,1.30903,1.31690,1.30568,20817.5960,81.95833,,,25200.00,572.19748,10609.94374,0.022629,0.717391,1.479422,0.471747
47,EURUSD,sell,2005-01-11T18:00:00+00:00,2005-01-12T02:00:00+00:00,1.31296,1.31092,1.31092,1.30568,6939.1987,14.17696,1.0000,,28800.00,586.37444,10608.68587,0.022744,0.723404,1.491301,0.470591
48,EURUSD,sell,2005-01-11T19:00:00+00:00,2005-01-12T13:00:00+00:00,1.31166,1.31690,1.31690,1.30178,20597.3040,-107.86353,-1.0000,,64800.00,478.51091,10478.51091,0.034736,0.708333,1.367695,0.344407
49,EURUSD,buy,2005-01-21T19:00:00+00:00,2005-02-04T13:00:00+00:00,1.30535,1.29197,1.29197,1.33151,7950.3118,-106.34156,-1.0000,,1188000.00,372.16935,10372.16935,0.044532,0.693878,1.264377,0.222397
50,EURUSD,buy,2005-03-04T20:00:00+00:00,2005-03-09T11:00:00+00:00,1.32386,1.33809,1.30963,1.35172,5544.6379,78.89215,,,399600.00,451.06150,10477.64148,0.034816,0.700000,1.320420,0.309860
51,EURUSD,buy,2005-03-04T20:00:00+00:00,2005-03-09T12:00:00+00:00,1.32386,1.33661,1.33661,1.35172,1848.2126,23.56739,1.0000,,403200.00,474.62889,10474.62889,0.035094,0.705882,1.337161,0.307279
52,EURUSD,sell,2005-03-30T15:00:00+00:00,2005-03-31T13:00:00+00:00,1.29414,1.29825,1.29825,1.28649,26720.9921,-109.93416,-1.0000,,79200.00,364.69474,10364.69474,0.045221,0.692308,1.240302,0.216619
53,EURUSD,sell,2005-04-29T13:00:00+00:00,2005-04-29T17:00:00+00:00,1.29236,1.28692,1.29779,1.28207,14834.9638,80.61145,,,14400.00,445.30619,10474.31407,0.035123,0.698113,1.293417,0.299359
54,EURUSD,sell,2005-04-29T13:00:00+00:00,2005-04-29T18:00:00+00:00,1.29236,1.28670,1.28670,1.28207,4944.9879,27.96943,1.0000,,18000.00,473.27562,10473.27562,0.035218,0.703704,1.311847,0.298572
55,EURUSD,buy,2005-05-03T15:00:00+00:00,2005-05-04T01:00:00+00:00,1.28889,1.29468,1.28311,1.29988,14051.8009,81.26585,,,36000.00,554.54147,10554.54147,0.027732,0.709091,1.365394,0.346712
56,EURUSD,buy,2005-05-03T15:00:00+00:00,2005-05-04T01:00:00+00:00,1.28889,1.28889,1.28889,1.29988,4683.9336,0.00000,,,36000.00,554.54147,10554.54147,0.027732,0.696429,1.365394,0.346712
57,EURUSD,sell,2005-05-11T18:00:00+00:00,2005-05-12T12:00:00+00:00,1.27958,1.26955,1.28961,1.26009,8044.6200,80.70335,,,64800.00,635.24482,10741.93001,0.010470,0.701754,1.418570,0.464945
58,EURUSD,sell,2005-05-11T18:00:00+00:00,2005-05-12T13:00:00+00:00,1.27958,1.27214,1.27214,1.26009,2681.5400,19.94539,1.0000,,68400.00,655.19021,10742.20970,0.010444,0.706897,1.431713,0.465122
59,EURUSD,sell,2005-05-11T15:00:00+00:00,2005-05-12T20:00:00+00:00,1.27985,1.26871,1.29099,1.25814,7229.1380,80.54710,,,104400.00,735.73731,10761.90195,0.008630,0.711864,1.484786,0.477357
60,EURUSD,sell,2005-05-11T15:00:00+00:00,2005-05-12T21:00:00+00:00,1.27985,1.26940,1.26940,1.25814,2409.7127,25.17666,1.0000,,108000.00,760.91397,10760.91397,0.008721,0.716667,1.501375,0.476753
61,EURUSD,sell,2005-06-08T13:00:00+00:00,2005-06-08T15:00:00+00:00,1.23123,1.23392,1.23392,1.22639,42872.1672,-115.52812,-1.0000,,7200.00,645.38585,10639.46150,0.019909,0.704918,1.395171,0.374117
62,EURUSD,sell,2005-06-08T15:00:00+00:00,2005-06-08T16:00:00+00:00,1.23158,1.22807,1.23508,1.22512,24048.3114,84.28366,,,3600.00,729.66951,10729.66951,0.011600,0.709677,1.446778,0.444608
63,EURUSD,sell,2005-06-08T15:00:00+00:00,2005-06-08T16:00:00+00:00,1.23158,1.23158,1.23158,1.22512,8016.1038,0.00000,,,3600.00,729.66951,10729.66951,0.011600,0.698413,1.446778,0.444608
64,EURUSD,sell,2005-07-20T13:00:00+00:00,2005-07-20T15:00:00+00:00,1.20618,1.20328,1.20908,1.20092,29585.4858,85.82613,,,7200.00,815.49564,10864.81083,0.000000,0.703125,1.499329,0.537506
65,EURUSD,sell,2005-07-20T13:00:00+00:00,2005-07-20T15:00:00+00:00,1.20618,1.20618,1.20618,1.20092,9861.8286,0.00000,,,7200.00,815.49564,10864.81083,0.000000,0.692308,1.499329,0.537506
66,EURUSD,sell,2005-07-20T14:00:00+00:00,2005-07-20T15:00:00+00:00,1.20628,1.20364,1.20892,1.20154,32712.4070,86.39245,,,3600.00,901.88809,10864.81083,0.000000,0.696970,1.552228,0.537506
67,EURUSD,sell,2005-07-20T14:00:00+00:00,2005-07-20T15:00:00+00:00,1.20628,1.20628,1.20628,1.20154,10904.1357,0.00000,,,3600.00,901.88809,10864.81083,0.000000,0.686567,1.552228,0.537506
68,EURUSD,sell,2005-07-20T15:00:00+00:00,2005-07-20T16:00:00+00:00,1.20621,1.20350,1.20892,1.20133,32317.8501,87.61235,,,3600.00,989.50044,10983.07620,0.000000,0.691176,1.605873,0.598574
69,EURUSD,sell,2005-07-20T15:00:00+00:00,2005-07-20T16:00:00+00:00,1.20621,1.20621,1.20621,1.20133,10772.6167,0.00000,,,3600.00,989.50044,10983.07620,0.000000,0.681159,1.605873,0.598574
70,EURUSD,sell,2005-07-15T13:00:00+00:00,2005-07-20T18:00:00+00:00,1.20379,1.21350,1.21350,1.18491,11258.8347,-109.32999,-1.0000,,450000.00,880.17045,10880.17045,0.009369,0.671429,1.505116,0.546313
71,EURUSD,buy,2005-07-27T18:00:00+00:00,2005-08-01T07:00:00+00:00,1.20758,1.21882,1.19634,1.22952,7378.0541,82.93752,,,392400.00,963.10797,10989.39571,0.000000,0.676056,1.552712,0.601031
72,EURUSD,buy,2005-07-27T18:00:00+00:00,2005-08-01T08:00:00+00:00,1.20758,1.21803,1.21803,1.22952,2459.3514,25.69749,1.0000,,396000.00,988.80546,10988.80546,0.000054,0.680556,1.567460,0.600656
73,EURUSD,sell,2005-09-21T18:00:00+00:00,2005-09-21T23:00:00+00:00,1.22015,1.22372,1.22372,1.21355,32415.3553,-115.82167,-1.0000,,18000.00,872.98379,10872.98379,0.010593,0.671233,1.469767,0.501312
74,EURUSD,buy,2005-09-27T15:00:00+00:00,2005-09-27T16:00:00+00:00,1.20108,1.19901,1.19901,1.20468,57529.0148,-119.09283,-1.0000,,3600.00,753.89097,10753.89097,0.021430,0.662162,1.381249,0.417272
75,EURUSD,buy,2005-09-27T18:00:00+00:00,2005-09-28T16:00:00+00:00,1.20133,1.20488,1.19778,1.20789,23932.9918,84.96625,,,79200.00,838.85722,10850.58301,0.012632,0.666667,1.424217,0.446796
76,EURUSD,buy,2005-09-27T18:00:00+00:00,2005-09-28T17:00:00+00:00,1.20133,1.20221,1.20221,1.20789,7977.6639,7.01897,1.0000,,82800.00,845.87618,10845.87618,0.013060,0.671053,1.427766,0.443906
77,EURUSD,sell,2006-01-12T20:00:00+00:00,2006-01-15T22:00:00+00:00,1.20273,1.21480,1.21480,1.17913,9121.8471,-110.10468,-1.0000,,266400.00,735.77151,10635.50262,0.032203,0.662338,1.352460,0.272642
78,EURUSD,sell,2006-01-12T18:00:00+00:00,2006-01-15T23:00:00+00:00,1.20257,1.21612,1.21612,1.17601,8112.0989,-109.92229,-1.0000,,277200.00,625.84922,10625.84922,0.033082,0.653846,1.284807,0.266738
79,EURUSD,buy,2006-01-17T20:00:00+00:00,2006-01-18T14:00:00+00:00,1.21018,1.21534,1.20502,1.21996,16002.7850,82.59837,,,64800.00,708.44760,10730.31007,0.023576,0.658228,1.322395,0.344038
80,EURUSD,buy,2006-01-17T20:00:00+00:00,2006-01-18T15:00:00+00:00,1.21018,1.21152,1.21152,1.21996,5334.2617,7.13991,1.0000,,68400.00,715.58751,10715.58751,0.024916,0.662500,1.325644,0.336019
81,EURUSD,sell,2006-04-05T20:00:00+00:00,2006-04-06T07:00:00+00:00,1.22829,1.23043,1.23043,1.22455,54671.3648,-117.23019,-1.0000,,39600.00,598.35731,10598.35731,0.035583,0.654321,1.258505,0.241084
82,EURUSD,sell,2006-04-06T20:00:00+00:00,2006-04-07T14:00:00+00:00,1.22210,1.21222,1.23197,1.20290,8203.0629,80.99165,,,64800.00,679.34896,10801.52466,0.017096,0.658537,1.293495,0.349320
83,EURUSD,sell,2006-04-06T20:00:00+00:00,2006-04-07T15:00:00+00:00,1.22210,1.21257,1.21257,1.20290,2734.3543,26.04926,1.0000,,68400.00,705.39821,10803.84758,0.016884,0.662651,1.304749,0.350434
84,EURUSD,sell,2006-04-06T15:00:00+00:00,2006-04-07T19:00:00+00:00,1.22118,1.20941,1.23294,1.19820,6864.2211,80.74523,,,100800.00,786.14345,10811.71678,0.016168,0.666667,1.339633,0.354184
85,EURUSD,sell,2006-04-06T15:00:00+00:00,2006-04-07T20:00:00+00:00,1.22118,1.21016,1.21016,1.19820,2288.0737,25.20724,1.0000,,104400.00,811.35069,10811.35069,0.016202,0.670588,1.350523,0.354010
86,EURUSD,sell,2006-05-05T20:00:00+00:00,2006-05-08T08:00:00+00:00,1.27218,1.27615,1.27615,1.26481,28601.4568,-113.57225,-1.0000,,216000.00,697.77844,10697.77844,0.026536,0.662791,1.287358,0.246794
87,EURUSD,buy,2006-06-01T20:00:00+00:00,2006-06-02T12:00:00+00:00,1.27997,1.28774,1.27220,1.29494,10584.8731,82.26528,,,57600.00,780.04372,10822.55269,0.015182,0.666667,1.321236,0.312075
88,EURUSD,buy,2006-06-01T20:00:00+00:00,2006-06-02T13:00:00+00:00,1.27997,1.28997,1.28997,1.29494,3528.2910,35.27597,1.0000,,61200.00,815.31969,10815.31969,0.015840,0.670455,1.335763,0.308531
89,EURUSD,buy,2006-06-28T13:00:00+00:00,2006-06-28T14:00:00+00:00,1.25548,1.25419,1.25419,1.25749,98321.0881,-126.66642,-1.0000,,3600.00,688.65327,10688.65327,0.027367,0.662921,1.269540,0.236988
90,EURUSD,buy,2006-06-28T20:00:00+00:00,2006-06-29T18:00:00+00:00,1.25526,1.25899,1.25153,1.26215,22645.4518,84.42814,,,79200.00,773.08142,10773.08142,0.019684,0.666667,1.302585,0.276219
91,EURUSD,buy,2006-06-28T20:00:00+00:00,2006-06-29T18:00:00+00:00,1.25526,1.25526,1.25526,1.26215,7548.4839,0.00000,,,79200.00,773.08142,10773.08142,0.019684,0.659341,1.302585,0.276219
92,EURUSD,sell,2006-07-07T19:00:00+00:00,2006-07-10T11:00:00+00:00,1.28111,1.27651,1.28571,1.27248,18321.5670,84.31942,,,230400.00,857.40084,11006.13520,0.000000,0.663043,1.335588,0.338344
93,EURUSD,sell,2006-07-07T20:00:00+00:00,2006-07-10T11:00:00+00:00,1.28048,1.27525,1.28571,1.27059,16031.3712,83.87775,,,226800.00,941.27859,11006.13520,0.000000,0.666667,1.368418,0.338344
94,EURUSD,sell,2006-07-07T19:00:00+00:00,2006-07-10T12:00:00+00:00,1.28111,1.27551,1.27551,1.27248,6107.1890,34.18685,1.0000,,234000.00,975.46544,11002.01285,0.000375,0.670213,1.381798,0.336519
95,EURUSD,sell,2006-07-07T20:00:00+00:00,2006-07-10T12:00:00+00:00,1.28048,1.27551,1.27551,1.27059,5343.7904,26.54741,1.0000,,230400.00,1002.01285,11002.01285,0.000375,0.673684,1.392189,0.336519
96,EURUSD,buy,2006-08-15T15:00:00+00:00,2006-08-16T13:00:00+00:00,1.27867,1.28621,1.27113,1.29318,11226.5437,84.66803,,,79200.00,1086.68089,11221.13015,0.000000,0.677083,1.425328,0.424427
97,EURUSD,buy,2006-08-15T20:00:00+00:00,2006-08-16T13:00:00+00:00,1.27869,1.28560,1.27178,1.29194,12279.0322,84.86991,,,61200.00,1171.55079,11221.13015,0.000000,0.680412,1.458547,0.424427
98,EURUSD,buy,2006-08-15T15:00:00+00:00,2006-08-16T14:00:00+00:00,1.27867,1.28420,1.28420,1.29318,3742.1812,20.68763,1.0000,,82800.00,1192.23842,11214.78365,0.000566,0.683673,1.466644,0.422053
99,EURUSD,buy,2006-08-15T20:00:00+00:00,2006-08-16T14:00:00+00:00,1.27869,1.28420,1.28420,1.29194,4093.0107,22.54522,1.0000,,64800.00,1214.78365,11214.78365,0.000566,0.686869,1.475468,0.422053
100,EURUSD,buy,2006-09-15T19:00:00+00:00,2006-09-17T21:00:00+00:00,1.26599,1.26309,1.26309,1.27122,41382.9655,-120.00522,-1.0000,,180000.00,1094.77843,10975.60125,0.021881,0.680000,1.409274,0.316486
101,EURUSD,buy,2006-09-15T20:00:00+00:00,2006-09-17T21:00:00+00:00,1.26631,1.26309,1.26309,1.27218,37012.4873,-119.17717,-1.0000,,176400.00,975.60125,10975.60125,0.021881,0.673267,1.349164,0.316486
102,EURUSD,buy,2006-10-04T20:00:00+00:00,2006-10-06T11:00:00+00:00,1.27144,1.26667,1.26667,1.28041,23964.1949,-114.32568,-1.0000,,140400.00,861.27557,10861.27557,0.032069,0.666667,1.296131,0.283196
103,EURUSD,buy,2006-10-31T19:00:00+00:00,2006-11-03T13:00:00+00:00,1.27653,1.26854,1.26854,1.29194,13924.7123,-111.27866,-1.0000,,237600.00,749.99691,10749.99691,0.041986,0.660194,1.248367,0.236567
104,EURUSD,buy,2007-02-16T14:00:00+00:00,2007-02-18T22:00:00+00:00,1.31210,1.31461,1.30958,1.31654,34752.1452,87.46368,,,201600.00,837.46059,10876.18856,0.030740,0.663462,1.277332,0.280526
105,EURUSD,buy,2007-02-16T14:00:00+00:00,2007-02-18T23:00:00+00:00,1.31210,1.31440,1.31440,1.31654,11584.0484,26.68055,1.0000,,205200.00,864.14114,10864.14114,0.031814,0.666667,1.286167,0.275526
106,EURUSD,buy,2007-02-22T15:00:00+00:00,2007-02-22T16:00:00+00:00,1.31087,1.31377,1.30796,1.31609,30066.8113,87.39221,,,3600.00,951.53335,10951.53335,0.024026,0.669811,1.315108,0.311285
107,EURUSD,buy,2007-02-22T15:00:00+00:00,2007-02-22T16:00:00+00:00,1.31087,1.31087,1.31087,1.31609,10022.2704,0.00000,,,3600.00,951.53335,10951.53335,0.024026,0.663551,1.315108,0.311285
108,EURUSD,buy,2007-05-29T09:00:00+00:00,2007-05-30T10:00:00+00:00,1.34833,1.34192,1.34192,1.36055,17635.3194,-113.08154,-1.0000,,90000.00,838.45181,10838.45181,0.034103,0.657407,1.267637,0.260544
109,EURUSD,buy,2007-07-18T15:00:00+00:00,2007-07-25T08:00:00+00:00,1.38083,1.37565,1.37565,1.39056,21807.7501,-112.90075,-1.0000,,579600.00,725.55106,10725.55106,0.044165,0.651376,1.223543,0.193728
110,EURUSD,sell,2007-08-23T13:00:00+00:00,2007-08-24T08:00:00+00:00,1.35547,1.35879,1.35879,1.34943,34376.7662,-114.24604,-1.0000,,68400.00,611.30502,10535.62148,0.061091,0.645455,1.181939,0.094418
111,EURUSD,sell,2007-08-23T15:00:00+00:00,2007-08-24T08:00:00+00:00,1.35565,1.35879,1.35879,1.34997,36481.4662,-114.67502,-1.0000,,61200.00,496.63000,10535.62148,0.061091,0.639640,1.142931,0.094418
112,EURUSD,sell,2007-08-23T18:00:00+00:00,2007-08-24T08:00:00+00:00,1.35528,1.35879,1.35879,1.34886,32403.4775,-113.84385,-1.0000,,50400.00,382.78615,10535.62148,0.061091,0.633929,1.106672,0.094418
113,EURUSD,buy,2007-08-22T19:00:00+00:00,2007-08-24T11:00:00+00:00,1.35392,1.36127,1.34658,1.36800,11266.3352,82.72935,,,144000.00,465.51550,10604.45137,0.054957,0.637168,1.129726,0.122636
114,EURUSD,buy,2007-08-22T20:00:00+00:00,2007-08-24T11:00:00+00:00,1.35423,1.36189,1.34658,1.36893,10797.5346,82.63466,,,140400.00,548.15016,10604.45137,0.054957,0.640351,1.152754,0.122636
115,EURUSD,buy,2007-08-22T19:00:00+00:00,2007-08-24T12:00:00+00:00,1.35392,1.36014,1.36014,1.36800,3755.4451,23.34738,1.0000,,147600.00,571.49755,10592.75752,0.055999,0.643478,1.159260,0.117830
116,EURUSD,buy,2007-08-22T20:00:00+00:00,2007-08-24T12:00:00+00:00,1.35423,1.36014,1.36014,1.36893,3599.1782,21.25997,1.0000,,144000.00,592.75752,10592.75752,0.055999,0.646552,1.165185,0.117830
117,EURUSD,buy,2007-09-04T15:00:00+00:00,2007-09-05T15:00:00+00:00,1.36065,1.36651,1.35480,1.37175,14061.1825,82.31511,,,86400.00,675.07263,10703.03532,0.046171,0.649573,1.188123,0.163345
118,EURUSD,buy,2007-09-04T15:00:00+00:00,2007-09-05T16:00:00+00:00,1.36065,1.36573,1.36573,1.37175,4687.0608,23.79120,1.0000,,90000.00,698.86383,10698.86383,0.046543,0.652542,1.194753,0.161754
119,EURUSD,buy,2007-09-25T19:00:00+00:00,2007-09-28T14:00:00+00:00,1.41456,1.42094,1.40818,1.42669,13005.1019,83.00054,,,241200.00,781.86438,10683.61131,0.047902,0.655462,1.217883,0.156272
120,EURUSD,sell,2007-09-28T13:00:00+00:00,2007-09-28T14:00:00+00:00,1.41959,1.42075,1.42075,1.41790,112619.6193,-130.97324,-1.0000,,3600.00,650.89114,10683.61131,0.047902,0.650000,1.174998,0.156272
121,EURUSD,buy,2007-09-25T19:00:00+00:00,2007-09-28T15:00:00+00:00,1.41456,1.42138,1.42138,1.42669,4335.0340,29.55560,1.0000,,244800.00,680.44674,10680.44674,0.048184,0.652893,1.182944,0.155027
122,EURUSD,sell,2007-10-11T13:00:00+00:00,2007-10-11T14:00:00+00:00,1.41710,1.42171,1.42171,1.40851,24273.7426,-111.96498,-1.0000,,3600.00,568.48176,10568.48176,0.058162,0.647541,1.148375,0.110382
123,EURUSD,sell,2007-10-25T15:00:00+00:00,2007-10-26T06:00:00+00:00,1.42945,1.43443,1.43443,1.42012,22156.1462,-110.43618,-1.0000,,54000.00,458.04558,10345.52733,0.078032,0.642276,1.116201,0.021774
124,EURUSD,sell,2007-10-25T19:00:00+00:00,2007-10-26T06:00:00+00:00,1.43090,1.43443,1.43443,1.42447,31832.7764,-112.51825,-1.0000,,39600.00,345.52733,10345.52733,0.078032,0.637097,1.085224,0.021774
125,EURUSD,buy,2008-03-05T20:00:00+00:00,2008-03-06T13:00:00+00:00,1.52648,1.53569,1.51727,1.54421,8640.4738,79.56958,,,61200.00,425.09691,10449.40851,0.068774,0.640000,1.104850,0.056493
126,EURUSD,buy,2008-03-05T20:00:00+00:00,2008-03-06T14:00:00+00:00,1.52648,1.53316,1.53316,1.54421,2880.1579,19.24252,1.0000,,64800.00,444.33943,10444.33943,0.069226,0.642857,1.109596,0.054621
127,EURUSD,buy,2008-06-13T19:00:00+00:00,2008-06-16T08:00:00+00:00,1.53620,1.54236,1.53004,1.54783,13209.5355,81.37596,,,219600.00,525.71539,10630.00636,0.052680,0.645669,1.129667,0.111791
128,EURUSD,buy,2008-06-13T19:00:00+00:00,2008-06-16T09:00:00+00:00,1.53620,1.54120,1.54120,1.54783,4403.1785,22.01415,1.0000,,223200.00,547.72954,10600.21501,0.055334,0.648438,1.135097,0.101504
129,EURUSD,buy,2008-06-13T20:00:00+00:00,2008-06-16T10:00:00+00:00,1.53793,1.54582,1.53004,1.55302,10226.1809,80.69127,,,223200.00,628.42081,10658.68807,0.050123,0.651163,1.154999,0.121544
130,EURUSD,buy,2008-06-13T20:00:00+00:00,2008-06-16T11:00:00+00:00,1.53793,1.54536,1.54536,1.55302,3408.7270,25.32461,1.0000,,226800.00,653.74542,10653.74542,0.050564,0.653846,1.161245,0.119875
131,EURUSD,buy,2008-09-03T13:00:00+00:00,2008-09-04T14:00:00+00:00,1.44734,1.43811,1.43811,1.46514,11824.3567,-109.10414,-1.0000,,90000.00,544.64127,10544.64127,0.060287,0.648855,1.130815,0.079637
132,EURUSD,buy,2008-09-11T14:00:00+00:00,2008-09-11T20:00:00+00:00,1.39237,1.39696,1.38778,1.40092,18055.8926,82.85531,,,21600.00,627.49659,10670.59706,0.049062,0.651515,1.150715,0.121624
133,EURUSD,buy,2008-09-11T14:00:00+00:00,2008-09-11T21:00:00+00:00,1.39237,1.39954,1.39954,1.40092,6018.6309,43.16066,1.0000,,25200.00,670.65725,10670.65725,0.049057,0.654135,1.161082,0.121644
134,EURUSD,buy,2008-10-24T14:00:00+00:00,2008-10-27T07:00:00+00:00,1.27344,1.24941,1.24941,1.32093,4475.9468,-107.56142,-1.0000,,234000.00,563.09583,10563.09583,0.058642,0.649254,1.131841,0.087579
135,EURUSD,sell,2008-12-26T20:00:00+00:00,2008-12-29T00:00:00+00:00,1.40554,1.41155,1.41155,1.39415,18212.2342,-109.47124,-1.0000,,187200.00,453.62459,10453.62459,0.068398,0.644444,1.103556,0.059313
136,EURUSD,sell,2009-01-07T19:00:00+00:00,2009-01-08T13:00:00+00:00,1.36115,1.37470,1.37470,1.33465,7830.4304,-106.13524,-1.0000,,64800.00,347.48935,10347.48935,0.077857,0.639706,1.077450,0.014939
137,EURUSD,buy,2009-02-12T18:00:00+00:00,2009-02-17T01:00:00+00:00,1.28349,1.27210,1.27210,1.30570,9238.8298,-105.25332,-1.0000,,370800.00,242.23603,10242.23603,0.087237,0.635036,1.052753,-0.000496
138,EURUSD,buy,2009-03-04T08:00:00+00:00,2009-03-04T14:00:00+00:00,1.25164,1.25768,1.24560,1.26315,13131.0718,79.28170,,,21600.00,321.51773,10344.55087,0.078119,0.637681,1.070019,0.032697
139,EURUSD,buy,2009-03-04T08:00:00+00:00,2009-03-04T15:00:00+00:00,1.25164,1.25625,1.25625,1.26315,4377.0239,20.18807,1.0000,,25200.00,341.70580,10341.70580,0.078372,0.640288,1.074415,0.031782
140,EURUSD,sell,2009-05-19T13:00:00+00:00,2009-05-19T18:00:00+00:00,1.35715,1.36565,1.36565,1.34075,12459.8865,-105.95392,-1.0000,,18000.00,235.75188,10128.15534,0.097403,0.635714,1.050183,-0.035502
141,EURUSD,sell,2009-05-19T15:00:00+00:00,2009-05-19T18:00:00+00:00,1.36040,1.36565,1.36565,1.35050,20478.6253,-107.59654,-1.0000,,10800.00,128.15534,10128.15534,0.097403,0.631206,1.026669,-0.035502
142,EURUSD,buy,2009-07-08T20:00:00+00:00,2009-07-09T06:00:00+00:00,1.38837,1.39380,1.38294,1.39860,14551.9473,78.99123,,,36000.00,207.14657,10233.05765,0.088055,0.633803,1.043107,-0.017335
143,EURUSD,buy,2009-07-08T20:00:00+00:00,2009-07-09T07:00:00+00:00,1.38837,1.39096,1.39096,1.39860,4850.6491,12.57180,1.0000,,39600.00,219.71836,10219.71836,0.089243,0.636364,1.045723,-0.021504
144,EURUSD,buy,2009-07-29T20:00:00+00:00,2009-07-31T01:00:00+00:00,1.40504,1.40965,1.40043,1.41363,17419.9745,80.31870,,,104400.00,300.03707,10337.89227,0.078712,0.638889,1.062437,-0.022413
145,EURUSD,buy,2009-07-29T20:00:00+00:00,2009-07-31T02:00:00+00:00,1.40504,1.41102,1.41102,1.41363,5806.6582,34.71961,1.0000,,108000.00,334.75668,10334.75668,0.078991,0.641379,1.069662,-0.023364
146,EURUSD,sell,2009-09-09T18:00:00+00:00,2009-09-10T12:00:00+00:00,1.45403,1.45980,1.45980,1.44315,18621.1832,-107.40955,-1.0000,,64800.00,227.34713,10227.34713,0.088564,0.636986,1.046276,-0.052157
147,EURUSD,sell,2009-10-13T18:00:00+00:00,2009-10-14T01:00:00+00:00,1.48201,1.48756,1.48756,1.47157,19188.2685,-106.53969,-1.0000,,25200.00,120.80745,10120.80745,0.098058,0.632653,1.024068,-0.086965
148,EURUSD,sell,2010-01-19T18:00:00+00:00,2010-01-20T05:00:00+00:00,1.42860,1.41725,1.43994,1.40655,6819.9511,77.36772,,,39600.00,198.17516,10220.69391,0.089156,0.635135,1.039482,-0.053553
149,EURUSD,sell,2010-01-19T18:00:00+00:00,2010-01-20T06:00:00+00:00,1.42860,1.42086,1.42086,1.40655,2273.3170,17.58565,1.0000,,43200.00,215.76081,10215.76081,0.089596,0.637584,1.042986,-0.055027
150,EURUSD,sell,2010-02-26T19:00:00+00:00,2010-03-01T11:00:00+00:00,1.36179,1.35532,1.36825,1.34947,12239.3300,79.11868,,,230400.00,294.87950,10431.29092,0.070389,0.640000,1.058748,0.004063
151,EURUSD,sell,2010-02-26T20:00:00+00:00,2010-03-01T11:00:00+00:00,1.36127,1.35428,1.36825,1.34791,11300.6204,78.92602,,,226800.00,373.80552,10431.29092,0.070389,0.642384,1.074473,0.004063
152,EURUSD,sell,2010-02-26T19:00:00+00:00,2010-03-01T12:00:00+00:00,1.36179,1.35526,1.35526,1.34947,4079.7767,26.62340,1.0000,,234000.00,400.42893,10423.05194,0.071123,0.644737,1.079777,0.001740
153,EURUSD,sell,2010-02-26T20:00:00+00:00,2010-03-01T12:00:00+00:00,1.36127,1.35526,1.35526,1.34791,3766.8735,22.62301,1.0000,,230400.00,423.05194,10423.05194,0.071123,0.647059,1.084284,0.001740
154,EURUSD,sell,2010-03-03T14:00:00+00:00,2010-03-03T15:00:00+00:00,1.36452,1.36732,1.36732,1.35952,40088.6613,-112.43699,-1.0000,,3600.00,310.61495,10310.61495,0.081143,0.642857,1.060527,-0.029111
155,EURUSD,buy,2010-03-09T20:00:00+00:00,2010-03-10T15:00:00+00:00,1.35993,1.36650,1.35337,1.37245,12158.7440,79.80950,,,68400.00,390.42445,10416.34706,0.071720,0.645161,1.076079,0.004608
156,EURUSD,buy,2010-03-09T20:00:00+00:00,2010-03-10T16:00:00+00:00,1.35993,1.36390,1.36390,1.37245,4052.9147,16.07402,1.0000,,72000.00,406.49848,10406.49848,0.072598,0.647436,1.079212,0.001893
157,EURUSD,sell,2010-03-30T20:00:00+00:00,2010-03-31T11:00:00+00:00,1.34093,1.34893,1.34893,1.32553,13341.6647,-106.74892,-1.0000,,54000.00,299.74955,10207.39440,0.090342,0.643312,1.057220,-0.062911
158,EURUSD,sell,2010-03-30T19:00:00+00:00,2010-03-31T12:00:00+00:00,1.34104,1.34905,1.34905,1.32562,13324.5819,-106.74570,-1.0000,,61200.00,193.00385,10193.00385,0.091624,0.639241,1.036107,-0.066650
159,EURUSD,sell,2010-04-14T09:00:00+00:00,2010-04-14T10:00:00+00:00,1.36406,1.36167,1.36644,1.35990,35067.6738,83.62374,,,3600.00,276.62759,10328.99001,0.079505,0.641509,1.051752,-0.029167
160,EURUSD,sell,2010-04-14T09:00:00+00:00,2010-04-14T10:00:00+00:00,1.36406,1.36406,1.36406,1.35990,11689.2246,0.00000,,,3600.00,276.62759,10328.99001,0.079505,0.637500,1.051752,-0.029167
161,EURUSD,sell,2010-04-14T07:00:00+00:00,2010-04-14T15:00:00+00:00,1.36255,1.36644,1.36644,1.35537,27623.3167,-107.57659,-1.0000,,28800.00,169.05100,10169.05100,0.093759,0.633540,1.031002,-0.072983
162,EURUSD,sell,2010-05-18T20:00:00+00:00,2010-05-20T17:00:00+00:00,1.21984,1.24436,1.24436,1.17134,4177.9174,-102.45508,-1.0000,,162000.00,66.59592,10066.59592,0.102889,0.629630,1.011988,-0.101578
163,EURUSD,sell,2010-06-03T19:00:00+00:00,2010-06-04T12:00:00+00:00,1.21548,1.20229,1.22867,1.18964,5803.1875,76.55767,,,61200.00,143.15360,10163.84709,0.094223,0.631902,1.025769,-0.075601
164,EURUSD,sell,2010-06-03T19:00:00+00:00,2010-06-04T13:00:00+00:00,1.21548,1.20661,1.20661,1.18964,1934.3958,17.15355,1.0000,,64800.00,160.30714,10160.30714,0.094538,0.634146,1.028856,-0.076583
165,EURUSD,buy,2010-06-22T13:00:00+00:00,2010-06-23T00:00:00+00:00,1.22901,1.22506,1.22506,1.23637,26950.4168,-106.57069,-1.0000,,39600.00,53.73645,9948.39892,0.113423,0.630303,1.009491,-0.116009
166,EURUSD,buy,2010-06-22T15:00:00+00:00,2010-06-23T00:00:00+00:00,1.23026,1.22506,1.22506,1.24012,20239.6557,-105.33753,-1.0000,,32400.00,-51.60108,9948.39892,0.113423,0.626506,0.991053,-0.116009
167,EURUSD,sell,2010-07-02T19:00:00+00:00,2010-07-06T00:00:00+00:00,1.25474,1.24842,1.26106,1.24267,12171.7768,76.90420,,,277200.00,25.30312,10049.73496,0.104392,0.628743,1.004387,-0.111853
168,EURUSD,sell,2010-07-02T19:00:00+00:00,2010-07-06T01:00:00+00:00,1.25474,1.25064,1.25064,1.24267,4057.2589,16.64190,1.0000,,280800.00,41.94503,10041.94503,0.105086,0.630952,1.007273,-0.113935
169,EURUSD,buy,2010-07-13T19:00:00+00:00,2010-07-15T13:00:00+00:00,1.27158,1.28701,1.25615,1.30187,4941.9021,76.25705,,,151200.00,118.20208,10246.07776,0.086894,0.633136,1.020495,-0.047360
170,EURUSD,buy,2010-07-13T20:00:00+00:00,2010-07-15T13:00:00+00:00,1.27252,1.28889,1.25615,1.30469,4654.7953,76.20295,,,147600.00,194.40503,10246.07776,0.086894,0.635294,1.033708,-0.047360
171,EURUSD,buy,2010-07-13T19:00:00+00:00,2010-07-15T14:00:00+00:00,1.27158,1.28520,1.28520,1.30187,1647.3007,22.43507,1.0000,,154800.00,216.84010,10236.51305,0.087747,0.637427,1.037599,-0.049948
172,EURUSD,buy,2010-07-13T20:00:00+00:00,2010-07-15T14:00:00+00:00,1.27252,1.28520,1.28520,1.30469,1551.5984,19.67295,1.0000,,151200.00,236.51305,10236.51305,0.087747,0.639535,1.041010,-0.049948
173,EURUSD,sell,2010-07-16T14:00:00+00:00,2010-07-18T21:00:00+00:00,1.29488,1.28919,1.30056,1.28409,13984.3074,79.49045,,,198000.00,316.00349,10340.17649,0.078508,0.641618,1.054793,-0.023678
174,EURUSD,sell,2010-07-16T14:00:00+00:00,2010-07-18T22:00:00+00:00,1.29488,1.29166,1.29166,1.28409,4661.4358,14.98996,1.0000,,201600.00,330.99346,10330.99346,0.079327,0.643678,1.057392,-0.026043
175,EURUSD,buy,2010-10-05T20:00:00+00:00,2010-10-06T15:00:00+00:00,1.38394,1.39203,1.37585,1.39949,9832.7983,79.52334,,,68400.00,410.51680,10437.43389,0.069841,0.645714,1.071181,0.007289
176,EURUSD,buy,2010-10-05T20:00:00+00:00,2010-10-06T16:00:00+00:00,1.38394,1.39198,1.39198,1.39949,3277.5994,26.35990,1.0000,,72000.00,436.87670,10436.87670,0.069891,0.647727,1.075751,0.007149
177,EURUSD,sell,2010-11-04T19:00:00+00:00,2010-11-05T10:00:00+00:00,1.42009,1.41200,1.42817,1.40456,9946.1976,80.39556,,,54000.00,517.27226,10550.48246,0.059767,0.649718,1.089691,0.025895
178,EURUSD,sell,2010-11-04T19:00:00+00:00,2010-11-05T11:00:00+00:00,1.42009,1.41259,1.41259,1.40456,3315.3992,24.85540,1.0000,,57600.00,542.12766,10542.12766,0.060511,0.651685,1.094001,0.023860
179,EURUSD,sell,2011-02-08T19:00:00+00:00,2011-02-09T14:00:00+00:00,1.36236,1.36881,1.36881,1.35006,16867.4043,-108.86870,-1.0000,,68400.00,433.25895,10433.25895,0.070213,0.648045,1.073732,0.000119
180,EURUSD,buy,2011-02-11T19:00:00+00:00,2011-02-14T08:00:00+00:00,1.35400,1.34972,1.34972,1.36196,25571.7131,-109.52544,-1.0000,,219600.00,323.73352,10215.11801,0.089653,0.644444,1.054085,-0.052567
181,EURUSD,buy,2011-02-11T20:00:00+00:00,2011-02-14T08:00:00+00:00,1.35487,1.34972,1.34972,1.36457,21077.2908,-108.61551,-1.0000,,216000.00,215.11801,10215.11801,0.089653,0.640884,1.035298,-0.052567
182,EURUSD,buy,2011-03-02T20:00:00+00:00,2011-03-03T13:00:00+00:00,1.38679,1.39299,1.38059,1.39856,12790.2145,79.27358,,,61200.00,294.39159,10294.39159,0.082589,0.642857,1.048306,-0.028920
183,EURUSD,buy,2011-03-02T20:00:00+00:00,2011-03-03T13:00:00+00:00,1.38679,1.38679,1.38679,1.39856,4263.4048,0.00000,,,61200.00,294.39159,10294.39159,0.082589,0.639344,1.048306,-0.028920
184,EURUSD,sell,2011-04-12T15:00:00+00:00,2011-04-13T10:00:00+00:00,1.44519,1.45185,1.45185,1.43253,15985.0801,-106.40967,-1.0000,,68400.00,187.98193,10079.69009,0.101722,0.635870,1.030316,-0.082812
185,EURUSD,sell,2011-04-12T19:00:00+00:00,2011-04-13T10:00:00+00:00,1.44745,1.45185,1.45185,1.43931,24627.7311,-108.29184,-1.0000,,54000.00,79.69009,10079.69009,0.101722,0.632432,1.012631,-0.082812
186,EURUSD,sell,2011-06-14T19:00:00+00:00,2011-06-15T06:00:00+00:00,1.44475,1.43980,1.44971,1.43549,15948.8767,79.05452,,,39600.00,158.74461,10299.71416,0.082114,0.634409,1.025162,-0.039553
187,EURUSD,sell,2011-06-14T20:00:00+00:00,2011-06-15T06:00:00+00:00,1.44375,1.43780,1.44971,1.43249,13170.3268,78.45031,,,36000.00,237.19492,10299.71416,0.082114,0.636364,1.037597,-0.039553
188,EURUSD,sell,2011-06-14T19:00:00+00:00,2011-06-15T07:00:00+00:00,1.44475,1.43789,1.43789,1.43549,5316.2922,36.48707,1.0000,,43200.00,273.68199,10299.42297,0.082140,0.638298,1.043380,-0.039623
189,EURUSD,sell,2011-06-14T20:00:00+00:00,2011-06-15T07:00:00+00:00,1.44375,1.43789,1.43789,1.43249,4390.1089,25.74098,1.0000,,39600.00,299.42297,10299.42297,0.082140,0.640212,1.047460,-0.039623
190,EURUSD,buy,2011-06-23T18:00:00+00:00,2011-06-27T00:00:00+00:00,1.42190,1.41268,1.41268,1.43971,11431.1021,-105.43195,-1.0000,,280800.00,193.99102,10089.31661,0.100864,0.636842,1.030243,-0.074721
191,EURUSD,buy,2011-06-23T19:00:00+00:00,2011-06-27T00:00:00+00:00,1.42600,1.41268,1.41268,1.45201,7856.1579,-104.67441,-1.0000,,277200.00,89.31661,10089.31661,0.100864,0.633508,1.013701,-0.074721
192,EURUSD,buy,2011-08-03T19:00:00+00:00,2011-08-04T07:00:00+00:00,1.43201,1.42582,1.42582,1.44376,16871.7669,-104.51672,-1.0000,,43200.00,-15.20011,9845.28115,0.122612,0.630208,0.997705,-0.128256
193,EURUSD,buy,2011-08-03T20:00:00+00:00,2011-08-04T07:00:00+00:00,1.43238,1.42582,1.42582,1.44487,15888.6876,-104.30646,-1.0000,,39600.00,-119.50657,9845.28115,0.122612,0.626943,0.982237,-0.128256
194,EURUSD,buy,2011-08-03T15:00:00+00:00,2011-08-04T13:00:00+00:00,1.43206,1.41453,1.41453,1.46649,5825.2405,-102.14430,-1.0000,,79200.00,-221.65087,9778.34913,0.128577,0.623711,0.967548,-0.140807
195,EURUSD,sell,2011-08-04T18:00:00+00:00,2011-08-05T16:00:00+00:00,1.41327,1.42660,1.42660,1.38724,7453.0100,-99.36369,-1.0000,,79200.00,-321.01456,9678.98544,0.137432,0.620513,0.953674,-0.161402
196,EURUSD,sell,2011-09-13T20:00:00+00:00,2011-09-14T04:00:00+00:00,1.36755,1.36125,1.37386,1.35556,11900.3919,75.03392,,,28800.00,-245.98064,9766.73230,0.129612,0.622449,0.964502,-0.135385
197,EURUSD,sell,2011-09-13T20:00:00+00:00,2011-09-14T05:00:00+00:00,1.36755,1.36456,1.36456,1.35556,3966.7973,11.87991,1.0000,,32400.00,-234.10073,9765.89927,0.129687,0.624365,0.966216,-0.135583
198,EURUSD,buy,2011-12-29T14:00:00+00:00,2011-12-30T14:00:00+00:00,1.29163,1.29746,1.28581,1.30270,13009.6349,75.76442,,,86400.00,-158.33631,9868.96781,0.120501,0.626263,0.977150,-0.109464
199,EURUSD,buy,2011-12-29T14:00:00+00:00,2011-12-30T15:00:00+00:00,1.29163,1.29670,1.29670,1.30270,4336.5450,21.97017,1.0000,,90000.00,-136.36614,9863.63386,0.120977,0.628141,0.980321,-0.110648
200,EURUSD,sell,2012-01-18T13:00:00+00:00,2012-01-18T17:00:00+00:00,1.28017,1.28450,1.28450,1.27208,23825.2026,-103.21206,-1.0000,,14400.00,-239.57821,9760.42179,0.130175,0.625000,0.965933,-0.132367
201,EURUSD,buy,2012-03-29T18:00:00+00:00,2012-03-30T00:00:00+00:00,1.32879,1.33234,1.32524,1.33529,21851.6906,77.55795,,,21600.00,-162.02025,9885.33026,0.119043,0.626866,0.976962,-0.114318
202,EURUSD,buy,2012-03-29T18:00:00+00:00,2012-03-30T00:00:00+00:00,1.32879,1.33529,1.32879,1.33529,7283.8969,47.35051,,,21600.00,-114.66974,9885.33026,0.119043,0.628713,0.983695,-0.114318
203,EURUSD,buy,2012-05-16T20:00:00+00:00,2012-05-17T00:00:00+00:00,1.27172,1.27347,1.26997,1.27465,47525.6262,83.20452,,,14400.00,-31.46523,10002.26641,0.108622,0.630542,0.995526,-0.093211
204,EURUSD,buy,2012-05-16T20:00:00+00:00,2012-05-17T01:00:00+00:00,1.27172,1.27381,1.27381,1.27465,15841.8754,33.09796,1.0000,,18000.00,1.63274,10001.63274,0.108679,0.632353,1.000232,-0.093344
205,EURUSD,buy,2012-07-04T19:00:00+00:00,2012-07-05T08:00:00+00:00,1.25365,1.25082,1.25082,1.25874,37884.9725,-107.13942,-1.0000,,46800.00,-105.50668,9894.49332,0.118227,0.629268,0.985223,-0.126707
206,EURUSD,sell,2012-07-17T09:00:00+00:00,2012-07-17T14:00:00+00:00,1.22891,1.22632,1.23149,1.22429,30920.2916,79.90927,,,18000.00,-25.59741,10021.97486,0.106866,0.631068,0.996415,-0.099413
207,EURUSD,sell,2012-07-17T09:00:00+00:00,2012-07-17T14:00:00+00:00,1.22891,1.22429,1.22891,1.22429,10306.7639,47.57228,,,18000.00,21.97486,10021.97486,0.106866,0.632850,1.003078,-0.099413
208,EURUSD,buy,2012-08-08T15:00:00+00:00,2012-08-09T10:00:00+00:00,1.23656,1.23267,1.23267,1.24377,27086.4186,-105.24307,-1.0000,,68400.00,-83.26821,9916.73179,0.116245,0.629808,0.988507,-0.121184
209,EURUSD,sell,2012-10-12T20:00:00+00:00,2012-10-15T00:00:00+00:00,1.29503,1.29099,1.29906,1.28754,19368.6168,78.13848,,,187200.00,-5.12973,10027.12365,0.106407,0.631579,0.999292,-0.111158
210,EURUSD,sell,2012-10-12T20:00:00+00:00,2012-10-15T01:00:00+00:00,1.29503,1.29145,1.29145,1.28754,6456.2056,23.08556,1.0000,,190800.00,17.95584,10017.95584,0.107224,0.633333,1.002478,-0.113000
211,EURUSD,buy,2012-10-26T13:00:00+00:00,2012-10-30T13:00:00+00:00,1.29255,1.29679,1.28832,1.30044,18597.6903,78.73991,,,345600.00,96.69574,10201.05200,0.090907,0.635071,1.013347,-0.072192
212,EURUSD,buy,2012-10-26T13:00:00+00:00,2012-10-30T14:00:00+00:00,1.29255,1.29575,1.29575,1.30044,6199.2301,19.81364,1.0000,,349200.00,116.50939,10172.58570,0.093444,0.636792,1.016081,-0.078127
213,EURUSD,buy,2012-10-26T14:00:00+00:00,2012-10-31T08:00:00+00:00,1.29338,1.29845,1.28832,1.30293,15428.0634,78.12738,,,410400.00,194.63677,10227.78664,0.088524,0.638498,1.026865,-0.068419
214,EURUSD,buy,2012-10-26T14:00:00+00:00,2012-10-31T09:00:00+00:00,1.29338,1.29958,1.29958,1.30293,5142.6878,31.86420,1.0000,,414000.00,226.50097,10226.50097,0.088639,0.640187,1.031263,-0.068671
215,EURUSD,buy,2012-11-01T20:00:00+00:00,2012-11-02T00:00:00+00:00,1.29441,1.29285,1.29285,1.29696,74645.9925,-116.75626,-1.0000,,14400.00,109.74471,10109.74471,0.099044,0.637209,1.014907,-0.065387
216,EURUSD,sell,2012-11-27T19:00:00+00:00,2012-11-28T11:00:00+00:00,1.29311,1.28931,1.29690,1.28610,21061.9681,79.90900,,,57600.00,189.65371,10304.08016,0.081725,0.638889,1.025762,-0.026003
217,EURUSD,sell,2012-11-27T19:00:00+00:00,2012-11-28T12:00:00+00:00,1.29311,1.29026,1.29026,1.28610,7020.6560,19.98082,1.0000,,61200.00,209.63454,10291.16185,0.082877,0.640553,1.028476,-0.028535
218,EURUSD,sell,2012-11-27T18:00:00+00:00,2012-11-28T13:00:00+00:00,1.29317,1.28830,1.29803,1.28402,16236.2067,78.97297,,,68400.00,288.60751,10308.44813,0.081336,0.642202,1.039204,-0.025148
219,EURUSD,sell,2012-11-27T18:00:00+00:00,2012-11-28T14:00:00+00:00,1.29317,1.28972,1.28972,1.28402,5412.0689,18.64997,1.0000,,72000.00,307.25748,10307.25748,0.081442,0.643836,1.041737,-0.025381
220,EURUSD,sell,2012-12-19T15:00:00+00:00,2012-12-19T22:00:00+00:00,1.32565,1.32050,1.33080,1.31595,15617.0568,80.41031,,,25200.00,387.66779,10543.21425,0.060414,0.645455,1.052660,0.018767
221,EURUSD,sell,2012-12-19T15:00:00+00:00,2012-12-19T23:00:00+00:00,1.32565,1.32145,1.32145,1.31595,5205.6856,21.86972,1.0000,,28800.00,409.53751,10492.04386,0.064974,0.647059,1.055630,0.009331
222,EURUSD,sell,2012-12-19T18:00:00+00:00,2012-12-21T14:00:00+00:00,1.32401,1.31722,1.33080,1.31103,11730.5662,79.63449,,,158400.00,489.17200,10394.42604,0.073674,0.648649,1.066448,-0.012079
223,EURUSD,sell,2012-12-19T20:00:00+00:00,2012-12-21T14:00:00+00:00,1.32386,1.31692,1.33080,1.31058,11469.5002,79.58238,,,151200.00,568.75438,10394.42604,0.073674,0.650224,1.077258,-0.012079
224,EURUSD,buy,2012-12-21T08:00:00+00:00,2012-12-21T14:00:00+00:00,1.32187,1.31795,1.31795,1.32911,27982.6277,-109.64295,-1.0000,,21600.00,459.11144,10394.42604,0.073674,0.647321,1.061449,-0.012079
225,EURUSD,buy,2012-12-21T13:00:00+00:00,2012-12-21T14:00:00+00:00,1.32043,1.31875,1.31875,1.32319,70334.7129,-118.02407,-1.0000,,3600.00,341.08736,10394.42604,0.073674,0.644444,1.044943,-0.012079
226,EURUSD,sell,2012-12-19T18:00:00+00:00,2012-12-21T15:00:00+00:00,1.32401,1.31948,1.31948,1.31103,3910.1887,17.71851,1.0000,,162000.00,358.80587,10375.55665,0.075355,0.646018,1.047277,-0.015529
227,EURUSD,sell,2012-12-19T20:00:00+00:00,2012-12-21T15:00:00+00:00,1.32386,1.31948,1.31948,1.31058,3823.1667,16.75079,1.0000,,154800.00,375.55665,10375.55665,0.075355,0.647577,1.049484,-0.015529
228,EURUSD,buy,2013-01-29T18:00:00+00:00,2013-01-30T10:00:00+00:00,1.34846,1.35552,1.34140,1.36198,11343.5386,80.11078,,,57600.00,455.66744,10661.02483,0.049915,0.649123,1.060040,0.035886
229,EURUSD,buy,2013-01-29T18:00:00+00:00,2013-01-30T11:00:00+00:00,1.34846,1.35419,1.35419,1.36198,3781.1795,21.65769,1.0000,,61200.00,477.32513,10625.14507,0.053113,0.650655,1.062894,0.029555
230,EURUSD,buy,2013-01-29T19:00:00+00:00,2013-01-30T15:00:00+00:00,1.34888,1.35636,1.34140,1.36324,10689.1037,79.97910,,,72000.00,557.30423,10691.18885,0.047227,0.652174,1.073432,0.041147
231,EURUSD,buy,2013-01-29T20:00:00+00:00,2013-01-30T15:00:00+00:00,1.34934,1.35728,1.34140,1.36462,10053.8340,79.85128,,,68400.00,637.15551,10691.18885,0.047227,0.653680,1.083953,0.041147
232,EURUSD,buy,2013-01-29T19:00:00+00:00,2013-01-30T16:00:00+00:00,1.34888,1.35581,1.35581,1.36324,3563.0346,24.68363,1.0000,,75600.00,661.83914,10683.51396,0.047911,0.655172,1.087206,0.039814
233,EURUSD,buy,2013-01-29T20:00:00+00:00,2013-01-30T16:00:00+00:00,1.34934,1.35581,1.35581,1.36462,3351.2780,21.67482,1.0000,,72000.00,683.51396,10683.51396,0.047911,0.656652,1.090062,0.039814
234,EURUSD,sell,2013-02-01T18:00:00+00:00,2013-02-04T08:00:00+00:00,1.36612,1.36115,1.37108,1.35680,16833.2678,83.57630,,,223200.00,767.09026,11034.42672,0.016639,0.658120,1.101074,0.097380
235,EURUSD,sell,2013-02-01T19:00:00+00:00,2013-02-04T08:00:00+00:00,1.36602,1.36095,1.37108,1.35650,16486.9043,83.50507,,,219600.00,850.59532,11034.42672,0.016639,0.659574,1.112077,0.097380
236,EURUSD,sell,2013-02-01T20:00:00+00:00,2013-02-04T08:00:00+00:00,1.36531,1.35953,1.37108,1.35437,14385.3420,83.07285,,,216000.00,933.66818,11034.42672,0.016639,0.661017,1.123022,0.097380
237,EURUSD,sell,2013-02-01T18:00:00+00:00,2013-02-04T09:00:00+00:00,1.36612,1.36069,1.36069,1.35680,5611.0893,30.44045,1.0000,,226800.00,964.10863,11015.50354,0.018325,0.662447,1.127033,0.094346
238,EURUSD,sell,2013-02-01T19:00:00+00:00,2013-02-04T09:00:00+00:00,1.36602,1.36069,1.36069,1.35650,5495.6348,29.26462,1.0000,,223200.00,993.37325,11015.50354,0.018325,0.663866,1.130889,0.094346
239,EURUSD,sell,2013-02-01T20:00:00+00:00,2013-02-04T09:00:00+00:00,1.36531,1.36069,1.36069,1.35437,4795.1140,22.13028,1.0000,,219600.00,1015.50354,11015.50354,0.018325,0.665272,1.133805,0.094346
240,EURUSD,sell,2013-04-09T13:00:00+00:00,2013-04-09T15:00:00+00:00,1.30455,1.30725,1.30725,1.29975,44062.0141,-118.77852,-1.0000,,7200.00,896.72501,10896.72501,0.028910,0.662500,1.116334,0.073711
241,EURUSD,sell,2013-05-01T15:00:00+00:00,2013-05-02T13:00:00+00:00,1.31900,1.31373,1.32427,1.30906,16119.4157,84.91515,,,79200.00,981.64016,11173.11463,0.004279,0.663900,1.127350,0.114746
242,EURUSD,sell,2013-05-01T15:00:00+00:00,2013-05-02T13:00:00+00:00,1.31900,1.30906,1.31900,1.30906,5373.1386,53.42039,,,79200.00,1035.06055,11173.11463,0.004279,0.665289,1.134281,0.114746
243,EURUSD,sell,2013-05-01T19:00:00+00:00,2013-05-02T13:00:00+00:00,1.31823,1.31219,1.32427,1.30675,13994.0818,84.49297,,,64800.00,1119.55352,11173.11463,0.004279,0.666667,1.145242,0.114746
244,EURUSD,sell,2013-05-01T19:00:00+00:00,2013-05-02T13:00:00+00:00,1.31823,1.30675,1.31823,1.30675,4664.6939,53.56111,,,64800.00,1173.11463,11173.11463,0.004279,0.668033,1.152191,0.114746
245,EURUSD,sell,2013-05-08T18:00:00+00:00,2013-05-09T13:00:00+00:00,1.31575,1.31207,1.31944,1.30897,24010.9913,88.53795,,,68400.00,1261.65258,11562.27878,0.000000,0.669388,1.163677,0.169774
246,EURUSD,sell,2013-05-08T19:00:00+00:00,2013-05-09T13:00:00+00:00,1.31530,1.31117,1.31944,1.30762,21268.6192,87.99519,,,64800.00,1349.64777,11562.27878,0.000000,0.670732,1.175093,0.169774
247,EURUSD,sell,2013-05-08T20:00:00+00:00,2013-05-09T13:00:00+00:00,1.31502,1.31061,1.31944,1.30678,19857.4312,87.71589,,,61200.00,1437.36367,11562.27878,0.000000,0.672065,1.186472,0.169774
248,EURUSD,sell,2013-05-08T18:00:00+00:00,2013-05-09T14:00:00+00:00,1.31575,1.31060,1.31060,1.30897,8003.6638,41.23974,1.0000,,72000.00,1478.60340,11541.21781,0.001822,0.673387,1.191822,0.167028
249,EURUSD,sell,2013-05-08T19:00:00+00:00,2013-05-09T14:00:00+00:00,1.31530,1.31060,1.31060,1.30762,7089.5397,33.33980,1.0000,,68400.00,1511.94321,11541.21781,0.001822,0.674699,1.196148,0.167028
250,EURUSD,sell,2013-05-08T20:00:00+00:00,2013-05-09T14:00:00+00:00,1.31502,1.31060,1.31060,1.30678,6619.1437,29.27460,1.0000,,64800.00,1541.21781,11541.21781,0.001822,0.676000,1.199945,0.167028
251,EURUSD,buy,2013-05-28T07:00:00+00:00,2013-05-28T09:00:00+00:00,1.29051,1.29263,1.28840,1.29416,45082.8821,95.28484,,,7200.00,1636.50264,11713.93270,0.000000,0.677291,1.212307,0.191505
252,EURUSD,buy,2013-05-28T07:00:00+00:00,2013-05-28T09:00:00+00:00,1.29051,1.29051,1.29051,1.29416,15027.6274,0.00000,,,7200.00,1636.50264,11713.93270,0.000000,0.674603,1.212307,0.191505
253,EURUSD,buy,2013-05-28T08:00:00+00:00,2013-05-28T11:00:00+00:00,1.29109,1.29379,1.28840,1.29590,34623.6534,93.26348,,,10800.00,1729.76613,11759.97676,0.000000,0.675889,1.224406,0.197788
254,EURUSD,buy,2013-05-28T08:00:00+00:00,2013-05-28T12:00:00+00:00,1.29109,1.29290,1.29290,1.29590,11541.2178,20.84765,1.0000,,14400.00,1750.61378,11751.55062,0.000717,0.677165,1.227111,0.196651
255,EURUSD,buy,2013-05-28T09:00:00+00:00,2013-05-28T14:00:00+00:00,1.29307,1.28840,1.28840,1.30184,25974.3363,-121.40228,-1.0000,,18000.00,1629.21150,11629.21150,0.011120,0.674510,1.208084,0.179530
256,EURUSD,sell,2013-11-27T07:00:00+00:00,2013-11-27T09:00:00+00:00,1.35757,1.35990,1.35990,1.35351,54597.2371,-127.41169,-1.0000,,7200.00,1501.79981,11501.79981,0.021954,0.671875,1.188739,0.156355
257,EURUSD,sell,2013-12-11T18:00:00+00:00,2013-12-12T09:00:00+00:00,1.37906,1.37706,1.38107,1.37567,47924.1659,96.17855,,,54000.00,1597.97836,11634.92964,0.010633,0.673152,1.200827,0.165570
258,EURUSD,sell,2013-12-11T18:00:00+00:00,2013-12-12T10:00:00+00:00,1.37906,1.37773,1.37773,1.37567,15974.7220,21.29605,1.0000,,57600.00,1619.27441,11619.27441,0.011965,0.674419,1.203503,0.163329
259,EURUSD,sell,2013-12-26T07:00:00+00:00,2013-12-26T08:00:00+00:00,1.36832,1.36867,1.36867,1.36825,829948.1724,-286.56409,-1.0000,,3600.00,1332.71032,11332.71032,0.036332,0.671815,1.161667,0.120254
260,EURUSD,buy,2014-02-12T18:00:00+00:00,2014-02-13T06:00:00+00:00,1.35957,1.36292,1.35623,1.36565,27068.5756,90.51476,,,43200.00,1423.22508,11447.91248,0.026536,0.673077,1.172647,0.130873
261,EURUSD,buy,2014-02-12T18:00:00+00:00,2014-02-13T07:00:00+00:00,1.35957,1.36224,1.36224,1.36565,9022.8585,24.05579,1.0000,,46800.00,1447.28088,11447.28088,0.026590,0.674330,1.175565,0.130785
262,EURUSD,sell,2014-03-07T18:00:00+00:00,2014-03-13T04:00:00+00:00,1.38711,1.39150,1.39150,1.37896,27385.8394,-120.17175,-1.0000,,468000.00,1327.10913,11207.30823,0.046996,0.671756,1.158674,0.096631
263,EURUSD,sell,2014-03-07T19:00:00+00:00,2014-03-13T04:00:00+00:00,1.38682,1.39150,1.39150,1.37809,25609.1295,-119.80090,-1.0000,,464400.00,1207.30823,11207.30823,0.046996,0.669202,1.142312,0.096631
264,EURUSD,sell,2014-04-02T18:00:00+00:00,2014-04-03T12:00:00+00:00,1.37615,1.37961,1.37961,1.36986,34484.0253,-119.19245,-1.0000,,64800.00,1088.11578,11088.11578,0.057131,0.666667,1.126485,0.079867
265,EURUSD,buy,2014-04-04T15:00:00+00:00,2014-04-07T13:00:00+00:00,1.37052,1.37375,1.36728,1.37637,27445.8311,88.80226,,,252000.00,1176.91804,11209.52784,0.046807,0.667925,1.136807,0.098387
266,EURUSD,buy,2014-04-04T15:00:00+00:00,2014-04-07T14:00:00+00:00,1.37052,1.37350,1.37350,1.37637,9148.6104,27.30360,1.0000,,255600.00,1204.22164,11204.22164,0.047258,0.669173,1.139981,0.097643
267,EURUSD,buy,2014-05-20T19:00:00+00:00,2014-05-21T06:00:00+00:00,1.37025,1.37168,1.36881,1.37250,68318.4247,98.07151,,,39600.00,1302.29315,11302.29315,0.038919,0.670412,1.151381,0.108329
268,EURUSD,buy,2014-05-20T19:00:00+00:00,2014-05-21T06:00:00+00:00,1.37025,1.37025,1.37025,1.37250,22772.8082,0.00000,,,39600.00,1302.29315,11302.29315,0.038919,0.667910,1.151381,0.108329
269,EURUSD,sell,2014-05-21T15:00:00+00:00,2014-06-05T11:00:00+00:00,1.36536,1.35840,1.37231,1.35206,12558.1035,87.33953,,,1281600.00,1389.63268,11424.90071,0.028493,0.669145,1.161534,0.123046
270,EURUSD,sell,2014-05-21T15:00:00+00:00,2014-06-05T12:00:00+00:00,1.36536,1.35786,1.35786,1.35206,4186.0345,31.37502,1.0000,,1285200.00,1421.00770,11421.00770,0.028824,0.670370,1.165181,0.122510
271,EURUSD,sell,2014-07-10T14:00:00+00:00,2014-07-16T08:00:00+00:00,1.35985,1.35462,1.36507,1.35001,17063.2585,89.13859,,,496800.00,1510.14629,11661.51988,0.008372,0.671587,1.175543,0.143395
272,EURUSD,sell,2014-07-10T15:00:00+00:00,2014-07-16T08:00:00+00:00,1.35980,1.35452,1.36507,1.34986,16894.9818,89.10413,,,493200.00,1599.25043,11661.51988,0.008372,0.672794,1.185900,0.143395
273,EURUSD,sell,2014-07-10T14:00:00+00:00,2014-07-16T09:00:00+00:00,1.35985,1.35439,1.35439,1.35001,5687.7528,31.03234,1.0000,,500400.00,1630.28276,11660.72752,0.008440,0.673993,1.189508,0.143291
274,EURUSD,sell,2014-07-10T15:00:00+00:00,2014-07-16T09:00:00+00:00,1.35980,1.35439,1.35439,1.34986,5631.6606,30.44476,1.0000,,496800.00,1660.72752,11660.72752,0.008440,0.675182,1.193046,0.143291
275,EURUSD,buy,2014-07-30T19:00:00+00:00,2014-08-01T12:00:00+00:00,1.33941,1.34213,1.33669,1.34425,34704.5462,94.42696,,,147600.00,1755.15448,11848.48764,0.000000,0.676364,1.204023,0.161748
276,EURUSD,buy,2014-07-30T19:00:00+00:00,2014-08-01T12:00:00+00:00,1.33941,1.33941,1.33941,1.34425,11568.1821,0.00000,,,147600.00,1755.15448,11848.48764,0.000000,0.673913,1.204023,0.161748
277,EURUSD,buy,2014-07-30T20:00:00+00:00,2014-08-01T12:00:00+00:00,1.33988,1.34307,1.33669,1.34566,29249.3165,93.33317,,,144000.00,1848.48764,11848.48764,0.000000,0.675090,1.214872,0.161748
278,EURUSD,buy,2014-07-30T20:00:00+00:00,2014-08-01T12:00:00+00:00,1.33988,1.33988,1.33988,1.34566,9749.7722,0.00000,,,144000.00,1848.48764,11848.48764,0.000000,0.672662,1.214872,0.161748
279,EURUSD,sell,2014-10-21T19:00:00+00:00,2014-10-22T18:00:00+00:00,1.27131,1.26421,1.27841,1.25768,12860.1530,91.31641,,,82800.00,1939.80405,11968.86489,0.000000,0.673835,1.225487,0.174917
280,EURUSD,sell,2014-10-21T19:00:00+00:00,2014-10-22T19:00:00+00:00,1.27131,1.26495,1.26495,1.25768,4286.7177,27.26042,1.0000,,86400.00,1967.06447,11967.06447,0.000150,0.675000,1.228656,0.174696
281,EURUSD,sell,2014-11-04T14:00:00+00:00,2014-11-04T15:00:00+00:00,1.25075,1.25294,1.25294,1.24694,59835.3223,-130.89820,-1.0000,,3600.00,1836.16626,11836.16626,0.011087,0.672598,1.210241,0.157453
282,EURUSD,buy,2015-01-23T14:00:00+00:00,2015-01-25T23:00:00+00:00,1.12456,1.11146,1.11146,1.15025,9154.0342,-119.90557,-1.0000,,205200.00,1716.26070,11596.38066,0.031121,0.670213,1.193850,0.124851
283,EURUSD,buy,2015-01-23T15:00:00+00:00,2015-01-25T23:00:00+00:00,1.12478,1.11146,1.11146,1.15091,9000.8869,-119.88004,-1.0000,,201600.00,1596.38066,11596.38066,0.031121,0.667845,1.177901,0.124851
284,EURUSD,sell,2015-04-29T19:00:00+00:00,2015-04-30T07:00:00+00:00,1.11101,1.11879,1.11879,1.09596,15238.3452,-118.50369,-1.0000,,43200.00,1477.87697,11477.87697,0.041022,0.665493,1.162548,0.108591
285,EURUSD,sell,2015-05-28T08:00:00+00:00,2015-05-28T09:00:00+00:00,1.09389,1.09270,1.09507,1.09201,84396.1542,99.93412,,,3600.00,1577.81109,11566.70695,0.033600,0.666667,1.173540,0.119487
286,EURUSD,sell,2015-05-28T08:00:00+00:00,2015-05-28T09:00:00+00:00,1.09389,1.09389,1.09389,1.09201,28132.0514,0.00000,,,3600.00,1577.81109,11566.70695,0.033600,0.664336,1.173540,0.119487
287,EURUSD,sell,2015-05-28T09:00:00+00:00,2015-05-28T11:00:00+00:00,1.09320,1.09132,1.09507,1.08994,50779.8732,95.16169,,,7200.00,1672.97278,11728.08580,0.020117,0.665505,1.184007,0.139056
288,EURUSD,sell,2015-05-28T09:00:00+00:00,2015-05-28T11:00:00+00:00,1.09320,1.08994,1.09320,1.08994,16926.6244,55.11302,,,7200.00,1728.08580,11728.08580,0.020117,0.666667,1.190068,0.139056
289,EURUSD,buy,2015-06-19T15:00:00+00:00,2015-06-22T01:00:00+00:00,1.13357,1.13794,1.12920,1.14180,20943.0104,91.52116,,,208800.00,1819.60696,11846.62338,0.010213,0.667820,1.200134,0.150172
290,EURUSD,buy,2015-06-19T15:00:00+00:00,2015-06-22T02:00:00+00:00,1.13357,1.13701,1.13701,1.14180,6981.0035,24.01458,1.0000,,212400.00,1843.62154,11843.62154,0.010464,0.668966,1.202776,0.149805
291,EURUSD,buy,2015-09-22T19:00:00+00:00,2015-09-23T00:00:00+00:00,1.11348,1.11132,1.11132,1.11729,59515.6862,-128.37513,-1.0000,,18000.00,1715.24642,11715.24642,0.021190,0.666667,1.186029,0.137663
292,EURUSD,sell,2015-10-02T19:00:00+00:00,2015-10-08T18:00:00+00:00,1.12013,1.13183,1.13183,1.09724,10160.6647,-118.85991,-1.0000,,514800.00,1596.38651,11596.38651,0.031121,0.664384,1.170935,0.122044
293,EURUSD,sell,2015-10-30T18:00:00+00:00,2015-11-04T07:00:00+00:00,1.10019,1.09317,1.10722,1.08664,12678.2651,89.06550,,,392400.00,1685.45200,11797.25485,0.014338,0.665529,1.180472,0.139692
294,EURUSD,sell,2015-10-30T18:00:00+00:00,2015-11-04T08:00:00+00:00,1.10019,1.09398,1.09398,1.08664,4226.0884,26.26491,1.0000,,396000.00,1711.71691,11828.33670,0.011741,0.666667,1.183284,0.143362
295,EURUSD,sell,2015-10-30T19:00:00+00:00,2015-11-04T08:00:00+00:00,1.09955,1.09187,1.10722,1.08469,11580.9452,88.88325,,,392400.00,1800.60016,11828.33670,0.011741,0.667797,1.192801,0.143362
296,EURUSD,sell,2015-10-30T19:00:00+00:00,2015-11-04T09:00:00+00:00,1.09955,1.09298,1.09298,1.08469,3860.3151,25.34314,1.0000,,396000.00,1825.94330,11825.94330,0.011941,0.668919,1.195515,0.143081
297,EURUSD,sell,2015-12-22T20:00:00+00:00,2015-12-23T08:00:00+00:00,1.09495,1.09147,1.09842,1.08849,26795.9440,93.09625,,,43200.00,1919.03955,11946.60127,0.001860,0.670034,1.205483,0.157056
298,EURUSD,sell,2015-12-22T20:00:00+00:00,2015-12-23T09:00:00+00:00,1.09495,1.09332,1.09332,1.08849,8931.9813,14.52102,1.0000,,46800.00,1933.56057,11933.56057,0.002950,0.671141,1.207038,0.155563
299,EURUSD,sell,2015-12-24T20:00:00+00:00,2015-12-24T21:00:00+00:00,1.09617,1.09568,1.09665,1.09569,279692.8259,135.49705,,,3600.00,2069.05762,12069.05762,0.000000,0.672241,1.221547,0.171153
300,EURUSD,sell,2015-12-24T20:00:00+00:00,2015-12-24T21:00:00+00:00,1.09617,1.09617,1.09617,1.09569,93230.9420,0.00000,,,3600.00,2069.05762,12069.05762,0.000000,0.670000,1.221547,0.171153
301,EURUSD,sell,2016-02-02T19:00:00+00:00,2016-02-03T13:00:00+00:00,1.09139,1.09399,1.09399,1.08667,49463.3509,-128.78933,-1.0000,,64800.00,1940.26829,11812.15027,0.025582,0.667774,1.204930,0.144296
302,EURUSD,sell,2016-02-02T20:00:00+00:00,2016-02-03T13:00:00+00:00,1.09117,1.09399,1.09399,1.08601,45372.3971,-128.11801,-1.0000,,61200.00,1812.15027,11812.15027,0.025582,0.665563,1.188843,0.144296
303,EURUSD,sell,2016-02-09T19:00:00+00:00,2016-02-10T13:00:00+00:00,1.12846,1.12313,1.13379,1.11831,17168.8231,91.49771,,,64800.00,1903.64799,11932.95348,0.015617,0.666667,1.198378,0.158792
304,EURUSD,sell,2016-02-09T19:00:00+00:00,2016-02-10T14:00:00+00:00,1.12846,1.12531,1.12531,1.11831,5722.9410,18.03130,1.0000,,68400.00,1921.67929,11921.67929,0.016547,0.667763,1.200257,0.157522
305,EURUSD,buy,2016-03-01T18:00:00+00:00,2016-03-02T14:00:00+00:00,1.08710,1.08342,1.08342,1.09398,33868.4071,-124.73873,-1.0000,,72000.00,1796.94056,11796.94056,0.026837,0.665574,1.184855,0.143075
306,EURUSD,sell,2016-03-04T18:00:00+00:00,2016-03-07T11:00:00+00:00,1.09928,1.09421,1.10434,1.08964,18056.5417,91.45487,,,234000.00,1888.39542,11913.70518,0.017205,0.666667,1.194263,0.157526
307,EURUSD,sell,2016-03-04T18:00:00+00:00,2016-03-07T12:00:00+00:00,1.09928,1.09555,1.09555,1.08964,6018.8472,22.42071,1.0000,,237600.00,1910.81614,11910.81614,0.017443,0.667752,1.196570,0.157201
308,EURUSD,buy,2016-03-23T20:00:00+00:00,2016-03-24T07:00:00+00:00,1.11816,1.11594,1.11594,1.12209,58101.5421,-128.85170,-1.0000,,39600.00,1781.96443,11781.96443,0.028072,0.665584,1.180916,0.140666
309,EURUSD,sell,2016-04-19T20:00:00+00:00,2016-04-20T12:00:00+00:00,1.13556,1.13845,1.13845,1.13029,43316.0457,-125.19894,-1.0000,,57600.00,1656.76549,11656.76549,0.038400,0.663430,1.166094,0.125050
310,EURUSD,sell,2016-04-26T18:00:00+00:00,2016-04-27T17:00:00+00:00,1.12884,1.13397,1.13397,1.11909,23501.5433,-120.54768,-1.0000,,82800.00,1536.21781,11415.87651,0.058272,0.661290,1.152170,0.100088
311,EURUSD,sell,2016-04-26T19:00:00+00:00,2016-04-27T17:00:00+00:00,1.12857,1.13397,1.13397,1.11828,22288.2705,-120.34130,-1.0000,,79200.00,1415.87651,11415.87651,0.058272,0.659164,1.138598,0.100088
312,EURUSD,sell,2016-05-03T13:00:00+00:00,2016-05-04T01:00:00+00:00,1.15505,1.14847,1.16162,1.14242,13377.9803,87.93725,,,43200.00,1503.81376,11532.02666,0.048690,0.660256,1.147206,0.114601
313,EURUSD,sell,2016-05-03T13:00:00+00:00,2016-05-04T02:00:00+00:00,1.15505,1.14878,1.14878,1.14242,4459.3268,27.94534,1.0000,,46800.00,1531.75910,11531.75910,0.048712,0.661342,1.149941,0.114570
314,EURUSD,sell,2016-05-26T07:00:00+00:00,2016-05-26T10:00:00+00:00,1.11683,1.11898,1.11898,1.11304,58241.2076,-125.07591,-1.0000,,10800.00,1406.68319,11406.68319,0.059030,0.659236,1.136032,0.099376
315,EURUSD,sell,2016-05-26T15:00:00+00:00,2016-05-27T13:00:00+00:00,1.11816,1.11464,1.12168,1.11163,25537.3504,89.83400,,,79200.00,1496.51719,11521.73320,0.049539,0.660317,1.144719,0.112772
316,EURUSD,sell,2016-05-26T15:00:00+00:00,2016-05-27T14:00:00+00:00,1.11816,1.11549,1.11549,1.11163,8512.4501,22.74740,1.0000,,82800.00,1519.26459,11519.26459,0.049743,0.661392,1.146919,0.112490
317,EURUSD,buy,2016-06-01T18:00:00+00:00,2016-06-02T15:00:00+00:00,1.11852,1.11490,1.11490,1.12525,33389.1727,-120.79376,-1.0000,,75600.00,1398.47083,11398.47083,0.059708,0.659306,1.133676,0.095626
318,EURUSD,sell,2016-07-08T20:00:00+00:00,2016-07-12T07:00:00+00:00,1.10480,1.11201,1.11201,1.09089,16191.0097,-116.66830,-1.0000,,298800.00,1281.80253,11281.80253,0.069332,0.657233,1.121173,0.080807
319,EURUSD,buy,2016-08-04T19:00:00+00:00,2016-08-05T08:00:00+00:00,1.11325,1.11509,1.11140,1.11644,50365.1899,93.02259,,,46800.00,1374.82513,11404.42371,0.059217,0.658307,1.129967,0.096962
320,EURUSD,buy,2016-08-04T19:00:00+00:00,2016-08-05T09:00:00+00:00,1.11325,1.11400,1.11400,1.11644,16788.3966,12.64230,1.0000,,50400.00,1387.46743,11387.46743,0.060615,0.659375,1.131162,0.095011
321,EURUSD,buy,2016-08-09T19:00:00+00:00,2016-08-10T02:00:00+00:00,1.11136,1.11525,1.10746,1.11865,22897.0525,89.22245,,,25200.00,1476.68988,11589.52590,0.043947,0.660436,1.139596,0.104486
322,EURUSD,buy,2016-08-09T19:00:00+00:00,2016-08-10T03:00:00+00:00,1.11136,1.11438,1.11438,1.11865,7632.3508,23.07505,1.0000,,28800.00,1499.76493,11588.33199,0.044046,0.661491,1.141778,0.104351
323,EURUSD,buy,2016-08-09T20:00:00+00:00,2016-08-10T09:00:00+00:00,1.11180,1.11613,1.10746,1.11997,20481.0565,88.82111,,,46800.00,1588.58604,11626.02033,0.040936,0.662539,1.150174,0.108609
324,EURUSD,buy,2016-08-09T20:00:00+00:00,2016-08-10T10:00:00+00:00,1.11180,1.11700,1.11700,1.11997,6827.0188,35.52272,1.0000,,50400.00,1624.10876,11624.10876,0.041094,0.663580,1.153532,0.108394
325,EURUSD,buy,2016-08-24T20:00:00+00:00,2016-08-25T08:00:00+00:00,1.12653,1.12854,1.12452,1.13004,47380.8781,95.18600,,,43200.00,1719.29477,11749.31918,0.030765,0.664615,1.162531,0.112812
326,EURUSD,buy,2016-08-24T20:00:00+00:00,2016-08-25T09:00:00+00:00,1.12653,1.12823,1.12823,1.13004,15793.6260,26.86568,1.0000,,46800.00,1746.16045,11746.16045,0.031026,0.665644,1.165070,0.112459
327,EURUSD,sell,2016-09-02T13:00:00+00:00,2016-09-02T14:00:00+00:00,1.12046,1.11571,1.12521,1.11147,19234.9789,91.32950,,,3600.00,1837.48995,11837.48995,0.023492,0.666667,1.173704,0.122543
328,EURUSD,sell,2016-09-02T13:00:00+00:00,2016-09-02T14:00:00+00:00,1.12046,1.12046,1.12046,1.11147,6411.6596,0.00000,,,3600.00,1837.48995,11837.48995,0.023492,0.664634,1.173704,0.122543
329,EURUSD,sell,2017-01-10T15:00:00+00:00,2017-01-10T17:00:00+00:00,1.05918,1.05634,1.06202,1.05398,33127.3040,94.04514,,,7200.00,1931.53508,11983.80400,0.011422,0.665653,1.182594,0.136446
330,EURUSD,sell,2017-01-10T15:00:00+00:00,2017-01-10T18:00:00+00:00,1.05918,1.05645,1.05645,1.05398,11042.4347,30.15798,1.0000,,10800.00,1961.69307,11980.99410,0.011654,0.666667,1.185445,0.136150
331,EURUSD,sell,2017-01-12T19:00:00+00:00,2017-01-17T11:00:00+00:00,1.06252,1.06847,1.06847,1.05110,20659.2281,-122.91005,-1.0000,,403200.00,1838.78301,11669.07631,0.038226,0.664653,1.171830,0.099639
332,EURUSD,sell,2017-01-12T20:00:00+00:00,2017-01-17T11:00:00+00:00,1.06217,1.06847,1.06847,1.05005,19481.5848,-122.72131,-1.0000,,399600.00,1716.06170,11669.07631,0.038226,0.662651,1.158544,0.099639
333,EURUSD,buy,2017-02-07T18:00:00+00:00,2017-02-08T07:00:00+00:00,1.06958,1.06561,1.06561,1.07704,30750.8181,-122.09345,-1.0000,,46800.00,1593.96825,11447.45818,0.056492,0.660661,1.145621,0.076773
334,EURUSD,buy,2017-02-07T19:00:00+00:00,2017-02-08T07:00:00+00:00,1.06977,1.06575,1.06575,1.07733,30352.4915,-122.03042,-1.0000,,43200.00,1471.93784,11447.45818,0.056492,0.658683,1.132990,0.076773
335,EURUSD,buy,2017-03-09T18:00:00+00:00,2017-03-10T13:00:00+00:00,1.05924,1.06426,1.05422,1.06880,17703.6078,88.85196,,,68400.00,1560.78980,11692.22723,0.036318,0.659701,1.141018,0.097356
336,EURUSD,buy,2017-03-09T19:00:00+00:00,2017-03-10T13:00:00+00:00,1.05937,1.06452,1.05422,1.06919,17242.3915,88.77903,,,64800.00,1649.56883,11692.22723,0.036318,0.660714,1.149039,0.097356
337,EURUSD,buy,2017-03-09T18:00:00+00:00,2017-03-10T14:00:00+00:00,1.05924,1.06201,1.06201,1.06880,5901.2026,16.35305,1.0000,,72000.00,1665.92188,11667.34735,0.038369,0.661721,1.150516,0.094761
338,EURUSD,buy,2017-03-09T19:00:00+00:00,2017-03-10T14:00:00+00:00,1.05937,1.06201,1.06201,1.06919,5747.4638,15.17973,1.0000,,68400.00,1681.10161,11667.34735,0.038369,0.662722,1.151888,0.094761
339,EURUSD,sell,2016-12-08T18:00:00+00:00,2017-03-27T11:00:00+00:00,1.06025,1.08734,1.08734,1.00655,4395.6517,-119.07408,-1.0000,,9392400.00,1562.02753,11562.02753,0.047049,0.660767,1.139627,0.082816
340,EURUSD,sell,2017-08-08T18:00:00+00:00,2017-08-11T12:00:00+00:00,1.17503,1.18183,1.18183,1.16197,17465.2984,-118.69908,-1.0000,,237600.00,1443.32845,11324.76787,0.066604,0.658824,1.127663,0.050631
341,EURUSD,sell,2017-08-08T19:00:00+00:00,2017-08-11T12:00:00+00:00,1.17472,1.18183,1.18183,1.16104,16684.0224,-118.56058,-1.0000,,234000.00,1324.76787,11324.76787,0.066604,0.656891,1.115960,0.050631
342,EURUSD,buy,2017-10-06T13:00:00+00:00,2017-10-06T14:00:00+00:00,1.16994,1.17295,1.16692,1.17544,29906.9574,90.18335,,,3600.00,1414.95122,11414.95122,0.059171,0.657895,1.123854,0.060057
343,EURUSD,buy,2017-10-06T13:00:00+00:00,2017-10-06T14:00:00+00:00,1.16994,1.16994,1.16994,1.17544,9968.9858,0.00000,,,3600.00,1414.95122,11414.95122,0.059171,0.655977,1.123854,0.060057
344,EURUSD,sell,2017-11-03T20:00:00+00:00,2017-11-14T07:00:00+00:00,1.16043,1.16904,1.16904,1.14372,13524.8237,-116.50405,-1.0000,,903600.00,1298.44717,11298.44717,0.068774,0.654070,1.112509,0.044231
345,EURUSD,sell,2018-06-06T08:00:00+00:00,2018-06-06T10:00:00+00:00,1.17404,1.17708,1.17708,1.16850,39505.0600,-119.94262,-1.0000,,7200.00,1178.50455,11178.50455,0.078659,0.652174,1.101065,0.030657
346,EURUSD,sell,2018-06-06T14:00:00+00:00,2018-06-06T15:00:00+00:00,1.17790,1.17625,1.17956,1.17512,56647.8271,93.84913,,,3600.00,1272.35369,11261.47189,0.071821,0.653179,1.109114,0.039482
347,EURUSD,sell,2018-06-06T14:00:00+00:00,2018-06-06T15:00:00+00:00,1.17790,1.17790,1.17790,1.17512,18882.6090,0.00000,,,3600.00,1272.35369,11261.47189,0.071821,0.651297,1.109114,0.039482
348,EURUSD,sell,2018-06-06T15:00:00+00:00,2018-06-07T01:00:00+00:00,1.17755,1.17956,1.17956,1.17407,61597.5611,-123.60533,-1.0000,,36000.00,1148.74836,11148.74836,0.081112,0.649425,1.097480,0.034290
349,EURUSD,sell,2018-07-05T18:00:00+00:00,2018-07-06T06:00:00+00:00,1.16785,1.17201,1.17201,1.16007,28011.9305,-116.39530,-1.0000,,43200.00,1032.35306,10914.30523,0.100435,0.647564,1.086746,0.009567
350,EURUSD,sell,2018-07-05T20:00:00+00:00,2018-07-06T06:00:00+00:00,1.16885,1.17201,1.17201,1.16307,37411.9072,-118.04783,-1.0000,,36000.00,914.30523,10914.30523,0.100435,0.645714,1.076073,0.009567
351,EURUSD,buy,2018-07-18T15:00:00+00:00,2018-07-19T09:00:00+00:00,1.16463,1.16019,1.16019,1.17300,25560.4338,-113.60767,-1.0000,,64800.00,800.69756,10800.69756,0.109799,0.643875,1.065996,-0.005047
352,EURUSD,sell,2018-09-18T13:00:00+00:00,2018-09-18T16:00:00+00:00,1.17022,1.16802,1.17243,1.16634,39904.0550,88.01079,,,10800.00,888.70835,11154.86287,0.080608,0.644886,1.073250,0.032997
353,EURUSD,sell,2018-09-18T13:00:00+00:00,2018-09-18T16:00:00+00:00,1.17022,1.16634,1.17022,1.16634,13301.3517,51.66830,,,10800.00,940.37665,11154.86287,0.080608,0.645892,1.077509,0.032997
354,EURUSD,sell,2018-09-18T14:00:00+00:00,2018-09-18T16:00:00+00:00,1.16978,1.16714,1.17243,1.16502,32795.6404,86.76067,,,7200.00,1027.13732,11154.86287,0.080608,0.646893,1.084660,0.032997
355,EURUSD,sell,2018-09-18T15:00:00+00:00,2018-09-18T16:00:00+00:00,1.16915,1.16588,1.17243,1.16313,26130.7199,85.58855,,,3600.00,1112.72587,11154.86287,0.080608,0.647887,1.091715,0.032997
356,EURUSD,sell,2018-09-18T15:00:00+00:00,2018-09-18T16:00:00+00:00,1.16915,1.16915,1.16915,1.16313,8710.2400,0.00000,,,3600.00,1112.72587,11154.86287,0.080608,0.646067,1.091715,0.032997
357,EURUSD,sell,2018-09-18T14:00:00+00:00,2018-09-18T17:00:00+00:00,1.16978,1.16666,1.16666,1.16502,10931.8801,34.15673,1.0000,,10800.00,1146.88259,11146.88259,0.081266,0.647059,1.094530,0.032165
358,EURUSD,buy,2018-10-02T15:00:00+00:00,2018-10-03T20:00:00+00:00,1.15602,1.15052,1.15052,1.16651,20913.4758,-115.09475,-1.0000,,104400.00,1031.78784,11031.78784,0.090752,0.645251,1.084244,0.021442
359,EURUSD,buy,2019-04-16T14:00:00+00:00,2019-04-16T22:00:00+00:00,1.13017,1.12797,1.12797,1.13406,54343.7825,-119.52915,-1.0000,,28800.00,912.25869,10912.25869,0.100604,0.643454,1.073765,0.008759
360,EURUSD,buy,2019-05-03T13:00:00+00:00,2019-05-03T16:00:00+00:00,1.11677,1.12003,1.11350,1.12280,26400.6259,86.26378,,,10800.00,998.52247,11023.09714,0.091468,0.644444,1.080740,0.020213
361,EURUSD,buy,2019-05-03T13:00:00+00:00,2019-05-03T17:00:00+00:00,1.11677,1.11923,1.11923,1.12280,8800.2086,21.67060,1.0000,,14400.00,1020.19307,11020.19307,0.091708,0.645429,1.082493,0.019914
362,EURUSD,sell,2019-06-11T20:00:00+00:00,2019-06-12T05:00:00+00:00,1.13243,1.13374,1.13374,1.13032,96668.3603,-126.62492,-1.0000,,32400.00,893.56816,10893.56816,0.102144,0.643646,1.071521,0.006761
363,EURUSD,buy,2019-06-25T18:00:00+00:00,2019-07-01T05:00:00+00:00,1.13742,1.13442,1.13442,1.14291,38493.1737,-115.50214,-1.0000,,471600.00,778.06602,10778.06602,0.111664,0.641873,1.061706,0.000538
364,EURUSD,buy,2019-08-27T18:00:00+00:00,2019-08-28T01:00:00+00:00,1.10945,1.10855,1.10855,1.11074,147644.7400,-132.34756,-1.0000,,25200.00,645.71846,10429.86166,0.140363,0.640110,1.050678,-0.030662
365,EURUSD,buy,2019-08-27T20:00:00+00:00,2019-08-28T01:00:00+00:00,1.10918,1.10855,1.10855,1.10993,234305.7830,-146.75778,-1.0000,,18000.00,498.96068,10429.86166,0.140363,0.638356,1.038714,-0.030662
366,EURUSD,buy,2019-08-29T14:00:00+00:00,2019-08-29T15:00:00+00:00,1.10689,1.10558,1.10558,1.10900,92096.1463,-120.27830,-1.0000,,3600.00,378.68237,10276.68553,0.152988,0.636612,1.029110,-0.046802
367,EURUSD,buy,2019-08-23T18:00:00+00:00,2019-08-29T16:00:00+00:00,1.11470,1.10516,1.10516,1.13327,11502.7385,-109.70368,-1.0000,,511200.00,268.97869,10268.97869,0.153623,0.634877,1.020504,-0.047607
368,EURUSD,sell,2019-09-13T13:00:00+00:00,2019-09-16T13:00:00+00:00,1.10668,1.10243,1.11094,1.09867,18830.6455,80.14375,,,259200.00,349.12244,10383.60745,0.144175,0.635870,1.026613,-0.037108
369,EURUSD,sell,2019-09-13T13:00:00+00:00,2019-09-16T14:00:00+00:00,1.10668,1.10174,1.10174,1.09867,6276.8818,31.03273,1.0000,,262800.00,380.15517,10380.15517,0.144460,0.636856,1.028979,-0.037485
370,EURUSD,sell,2019-10-03T19:00:00+00:00,2019-10-07T13:00:00+00:00,1.09687,1.09992,1.09992,1.09125,35917.4919,-109.71194,-1.0000,,324000.00,270.44323,10161.96519,0.162443,0.635135,1.020445,-0.054339
371,EURUSD,sell,2019-10-03T20:00:00+00:00,2019-10-07T13:00:00+00:00,1.09611,1.09992,1.09992,1.08897,28438.7813,-108.47804,-1.0000,,320400.00,161.96519,10161.96519,0.162443,0.633423,1.012145,-0.054339
372,EURUSD,sell,2020-01-15T19:00:00+00:00,2020-01-16T08:00:00+00:00,1.11487,1.11634,1.11634,1.11244,78168.9630,-114.69388,-1.0000,,46800.00,47.27131,10047.27131,0.171897,0.631720,1.003514,-0.064173
373,EURUSD,sell,2020-01-30T18:00:00+00:00,2020-01-30T19:00:00+00:00,1.10328,1.10385,1.10385,1.10265,251181.7828,-142.04769,-1.0000,,3600.00,-94.77638,9887.41020,0.185072,0.630027,0.993028,-0.081134
374,EURUSD,sell,2020-01-30T19:00:00+00:00,2020-01-31T07:00:00+00:00,1.10284,1.10176,1.10393,1.10117,80749.1056,87.64924,,,43200.00,-7.12714,9994.87943,0.176215,0.631016,0.999476,-0.065091
375,EURUSD,sell,2020-01-30T19:00:00+00:00,2020-01-31T08:00:00+00:00,1.10284,1.10284,1.10284,1.10117,26916.3685,0.12243,1.0000,,46800.00,-7.00472,9992.99528,0.176370,0.632000,0.999485,-0.065302
376,EURUSD,buy,2020-02-18T09:00:00+00:00,2020-02-18T10:00:00+00:00,1.08288,1.08347,1.08229,1.08358,174296.4294,103.25460,,,3600.00,96.24988,10096.24988,0.167860,0.632979,1.007081,-0.053947
377,EURUSD,buy,2020-02-18T09:00:00+00:00,2020-02-18T10:00:00+00:00,1.08288,1.08288,1.08288,1.08358,58098.8098,0.00000,,,3600.00,96.24988,10096.24988,0.167860,0.631300,1.007081,-0.053947
378,EURUSD,sell,2020-04-07T18:00:00+00:00,2020-04-08T00:00:00+00:00,1.09009,1.08754,1.09263,1.08549,31815.9135,80.92497,,,21600.00,177.17485,10271.59264,0.153408,0.632275,1.013034,-0.051815
379,EURUSD,sell,2020-04-07T18:00:00+00:00,2020-04-08T01:00:00+00:00,1.09009,1.08792,1.08792,1.08549,10605.3045,22.97599,1.0000,,25200.00,200.15085,10250.11587,0.155178,0.633245,1.014724,-0.054060
380,EURUSD,sell,2020-04-07T20:00:00+00:00,2020-04-08T06:00:00+00:00,1.08888,1.08512,1.09263,1.08186,21092.4440,79.16745,,,36000.00,279.31830,10301.58239,0.150936,0.634211,1.020548,-0.048668
381,EURUSD,sell,2020-04-07T20:00:00+00:00,2020-04-08T07:00:00+00:00,1.08888,1.08654,1.08654,1.08186,7030.8147,16.42851,1.0000,,39600.00,295.74681,10295.74681,0.151417,0.635171,1.021757,-0.049281
382,EURUSD,buy,2020-04-15T15:00:00+00:00,2020-04-16T10:00:00+00:00,1.09097,1.08564,1.08564,1.10115,19914.4039,-106.21589,-1.0000,,68400.00,189.53092,10189.53092,0.160171,0.633508,1.013835,-0.056597
383,EURUSD,buy,2020-05-14T20:00:00+00:00,2020-05-15T12:00:00+00:00,1.08056,1.08364,1.07748,1.08624,26171.7404,80.66287,,,57600.00,270.19379,10270.19379,0.153523,0.634465,1.019723,-0.047716
384,EURUSD,buy,2020-05-14T20:00:00+00:00,2020-05-15T12:00:00+00:00,1.08056,1.08056,1.08056,1.08624,8723.9135,0.00000,,,57600.00,270.19379,10270.19379,0.153523,0.632812,1.019723,-0.047716
385,EURUSD,sell,2020-06-10T19:00:00+00:00,2020-06-11T04:00:00+00:00,1.13877,1.13530,1.14224,1.13234,23341.3495,81.01411,,,32400.00,351.20790,10421.65399,0.141040,0.633766,1.025637,-0.020955
386,EURUSD,sell,2020-06-10T19:00:00+00:00,2020-06-11T05:00:00+00:00,1.13877,1.13525,1.13525,1.13234,7780.4498,27.38064,1.0000,,36000.00,378.58854,10435.84034,0.139870,0.634715,1.027635,-0.019469
387,EURUSD,sell,2020-06-10T20:00:00+00:00,2020-06-11T17:00:00+00:00,1.13712,1.13200,1.14224,1.12739,15560.8997,79.68104,,,75600.00,458.26959,10485.80930,0.135752,0.635659,1.033452,-0.014244
388,EURUSD,sell,2020-06-10T20:00:00+00:00,2020-06-11T18:00:00+00:00,1.13712,1.13256,1.13256,1.12739,5186.9666,23.64949,1.0000,,79200.00,481.91907,10481.91907,0.136073,0.636598,1.035178,-0.014650
389,EURUSD,sell,2020-07-15T14:00:00+00:00,2020-07-16T10:00:00+00:00,1.14159,1.13798,1.14520,1.13488,22853.0212,82.52829,,,72000.00,564.44737,10580.43485,0.127953,0.637532,1.041202,-0.005351
390,EURUSD,sell,2020-07-15T14:00:00+00:00,2020-07-16T11:00:00+00:00,1.14159,1.13951,1.13951,1.13488,7617.6737,15.83513,1.0000,,75600.00,580.28250,10580.28250,0.127965,0.638462,1.042358,-0.005367
391,EURUSD,sell,2020-07-23T19:00:00+00:00,2020-07-24T14:00:00+00:00,1.15907,1.16268,1.16268,1.15236,30756.6352,-111.15097,-1.0000,,68400.00,469.13153,10469.13153,0.137126,0.636829,1.033969,-0.010735
392,EURUSD,sell,2020-09-01T14:00:00+00:00,2020-09-01T17:00:00+00:00,1.19615,1.19117,1.20113,1.18673,16358.0180,81.45392,,,10800.00,550.58545,10575.61622,0.128350,0.637755,1.039867,-0.000009
393,EURUSD,sell,2020-09-01T14:00:00+00:00,2020-09-01T18:00:00+00:00,1.19615,1.19192,1.19192,1.18673,5452.6727,23.06781,1.0000,,14400.00,573.65326,10573.65326,0.128512,0.638677,1.041537,-0.000206
394,EURUSD,buy,2020-09-02T20:00:00+00:00,2020-09-03T02:00:00+00:00,1.18565,1.18221,1.18221,1.19199,32434.5192,-111.50406,-1.0000,,21600.00,462.14920,10462.14920,0.137702,0.637056,1.033195,-0.006595
395,EURUSD,buy,2020-09-03T08:00:00+00:00,2020-09-04T14:00:00+00:00,1.18343,1.17889,1.17889,1.19197,23995.7551,-108.88044,-1.0000,,108000.00,353.26877,10353.26877,0.146676,0.635443,1.025178,-0.020142
396,EURUSD,sell,2020-09-10T18:00:00+00:00,2020-09-22T07:00:00+00:00,1.18230,1.17286,1.19175,1.16394,8376.4310,79.13526,,,997200.00,432.40403,10460.19319,0.137863,0.636364,1.030818,-0.009468
397,EURUSD,sell,2020-09-10T18:00:00+00:00,2020-09-22T08:00:00+00:00,1.18230,1.17495,1.17495,1.16394,2792.1437,20.52959,1.0000,,1000800.00,452.93362,10452.93362,0.138462,0.637280,1.032281,-0.010195
398,EURUSD,buy,2020-10-02T13:00:00+00:00,2020-10-05T01:00:00+00:00,1.17141,1.17325,1.16956,1.17457,46944.3127,86.64439,,,216000.00,539.57801,10775.54445,0.111872,0.638191,1.038456,0.011587
399,EURUSD,buy,2020-10-02T13:00:00+00:00,2020-10-05T02:00:00+00:00,1.17141,1.17298,1.17298,1.17457,15648.1042,24.63505,1.0000,,219600.00,564.21306,10744.20533,0.114455,0.639098,1.040212,0.008535
400,EURUSD,buy,2020-10-02T14:00:00+00:00,2020-10-05T07:00:00+00:00,1.17158,1.17359,1.16956,1.17508,42607.0664,85.88349,,,234000.00,650.09655,10782.72780,0.111280,0.640000,1.046333,0.012285
401,EURUSD,buy,2020-10-02T20:00:00+00:00,2020-10-05T07:00:00+00:00,1.17175,1.17363,1.16986,1.17499,45846.2001,86.45381,,,212400.00,736.55036,10782.72780,0.111280,0.640898,1.052495,0.012285
402,EURUSD,buy,2020-10-02T14:00:00+00:00,2020-10-05T08:00:00+00:00,1.17158,1.17319,1.17319,1.17508,14202.3555,22.92672,1.0000,,237600.00,759.47708,10781.54843,0.111377,0.641791,1.054129,0.012170
403,EURUSD,buy,2020-10-02T20:00:00+00:00,2020-10-05T08:00:00+00:00,1.17175,1.17319,1.17319,1.17499,15282.0667,22.07135,1.0000,,216000.00,781.54843,10781.54843,0.111377,0.642680,1.055702,0.012170
404,EURUSD,buy,2020-10-13T19:00:00+00:00,2020-10-14T07:00:00+00:00,1.17496,1.17304,1.17304,1.17826,61962.9220,-118.73440,-1.0000,,43200.00,662.81402,10662.81402,0.121163,0.641089,1.046843,-0.001235
405,EURUSD,sell,2020-10-21T19:00:00+00:00,2020-10-22T09:00:00+00:00,1.18572,1.18337,1.18807,1.18156,36853.0439,86.52671,,,50400.00,749.34073,10779.34052,0.111559,0.641975,1.052958,0.007222
406,EURUSD,sell,2020-10-21T19:00:00+00:00,2020-10-22T10:00:00+00:00,1.18572,1.18408,1.18408,1.18156,12284.3480,20.17231,1.0000,,54000.00,769.51304,10769.51304,0.112369,0.642857,1.054384,0.006275
407,EURUSD,sell,2020-11-13T18:00:00+00:00,2020-11-13T19:00:00+00:00,1.18231,1.18343,1.18343,1.18061,114569.2877,-128.01669,-1.0000,,3600.00,641.49636,10641.49636,0.122920,0.641278,1.044930,-0.005992
408,EURUSD,sell,2020-11-25T15:00:00+00:00,2020-11-26T06:00:00+00:00,1.19000,1.19297,1.19297,1.18460,38141.5640,-113.22426,-1.0000,,54000.00,528.27209,10528.27209,0.132252,0.639706,1.036709,-0.014810
409,EURUSD,sell,2020-12-03T18:00:00+00:00,2020-12-04T10:00:00+00:00,1.21376,1.21746,1.21746,1.20690,29909.8639,-110.72904,-1.0000,,57600.00,417.54306,10417.54306,0.141378,0.638142,1.028793,-0.024275
410,EURUSD,sell,2021-01-06T14:00:00+00:00,2021-01-06T16:00:00+00:00,1.23076,1.22657,1.23494,1.22294,19532.8932,81.73815,,,7200.00,499.28120,10510.97072,0.133678,0.639024,1.034429,-0.015009
411,EURUSD,sell,2021-01-06T14:00:00+00:00,2021-01-06T17:00:00+00:00,1.23076,1.22925,1.22925,1.22294,6510.9644,9.80134,1.0000,,10800.00,509.08254,10509.08254,0.133834,0.639903,1.035105,-0.015195
412,EURUSD,sell,2021-01-22T09:00:00+00:00,2021-01-22T14:00:00+00:00,1.21719,1.21543,1.21894,1.21423,50202.6236,87.98539,,,18000.00,597.06793,10597.06793,0.126582,0.640777,1.041172,-0.006613
413,EURUSD,sell,2021-01-22T09:00:00+00:00,2021-01-22T14:00:00+00:00,1.21719,1.21719,1.21719,1.21423,16734.2079,0.00000,,,18000.00,597.06793,10597.06793,0.126582,0.639225,1.041172,-0.006613
414,EURUSD,sell,2021-04-07T09:00:00+00:00,2021-04-07T10:00:00+00:00,1.18824,1.18897,1.18897,1.18732,192673.9625,-140.31732,-1.0000,,3600.00,456.75062,10456.75062,0.138147,0.637681,1.031195,-0.019971
415,EURUSD,sell,2021-04-07T15:00:00+00:00,2021-04-08T16:00:00+00:00,1.18873,1.19147,1.19147,1.18379,40846.6821,-111.85196,-1.0000,,90000.00,344.89866,10344.89866,0.147366,0.636145,1.023377,-0.032998
416,EURUSD,buy,2021-05-05T18:00:00+00:00,2021-05-06T06:00:00+00:00,1.20014,1.20117,1.19911,1.20166,91278.5176,94.01633,,,43200.00,438.91498,10485.16295,0.135805,0.637019,1.029749,-0.010431
417,EURUSD,buy,2021-05-05T18:00:00+00:00,2021-05-06T06:00:00+00:00,1.20014,1.20166,1.20014,1.20166,30426.1725,46.24796,,,43200.00,485.16295,10485.16295,0.135805,0.637890,1.032884,-0.010431
418,EURUSD,sell,2021-11-09T08:00:00+00:00,2021-11-09T14:00:00+00:00,1.15878,1.16065,1.16065,1.15555,61677.4291,-115.57379,-1.0000,,21600.00,369.58916,10369.58916,0.145331,0.636364,1.024856,-0.021161
419,EURUSD,buy,2021-12-07T20:00:00+00:00,2021-12-08T13:00:00+00:00,1.12693,1.13111,1.12275,1.13478,19394.4934,81.04986,,,61200.00,450.63902,10480.96545,0.136151,0.637232,1.030306,-0.010866
420,EURUSD,buy,2021-12-07T20:00:00+00:00,2021-12-08T14:00:00+00:00,1.12693,1.13002,1.13002,1.13478,6464.8311,19.98270,1.0000,,64800.00,470.62172,10470.62172,0.137004,0.638095,1.031650,-0.011850
421,EURUSD,sell,2022-03-17T19:00:00+00:00,2022-03-18T08:00:00+00:00,1.10968,1.10562,1.11375,1.10205,20135.8110,81.88182,,,46800.00,552.50354,10621.07079,0.124604,0.638955,1.037157,0.002557
422,EURUSD,sell,2022-03-17T19:00:00+00:00,2022-03-18T09:00:00+00:00,1.10968,1.10718,1.10718,1.10205,6711.9370,16.80349,1.0000,,50400.00,569.30703,10641.66995,0.122906,0.639810,1.038287,0.004474
423,EURUSD,sell,2022-03-17T20:00:00+00:00,2022-03-18T10:00:00+00:00,1.10893,1.10412,1.11375,1.09980,16888.0995,81.33925,,,50400.00,650.64628,10679.43281,0.119793,0.640662,1.043757,0.007979
424,EURUSD,sell,2022-03-17T20:00:00+00:00,2022-03-18T11:00:00+00:00,1.10893,1.10415,1.10415,1.09980,5629.3665,26.92883,1.0000,,54000.00,677.57511,10677.57511,0.119946,0.641509,1.045568,0.007807
425,EURUSD,sell,2022-03-31T18:00:00+00:00,2022-04-04T10:00:00+00:00,1.10680,1.10034,1.11327,1.09437,12711.3989,82.19248,,,316800.00,759.76760,10883.31257,0.102989,0.642353,1.051096,0.025812
426,EURUSD,sell,2022-03-31T18:00:00+00:00,2022-04-04T11:00:00+00:00,1.10680,1.10084,1.10084,1.09437,4237.1330,25.27007,1.0000,,320400.00,785.03767,10887.21351,0.102668,0.643192,1.052795,0.026160
427,EURUSD,sell,2022-03-31T19:00:00+00:00,2022-04-04T13:00:00+00:00,1.10623,1.09920,1.11327,1.09266,11656.7414,82.01637,,,324000.00,867.05403,10894.19108,0.102093,0.644028,1.058311,0.026782
428,EURUSD,sell,2022-03-31T19:00:00+00:00,2022-04-04T14:00:00+00:00,1.10623,1.09983,1.09983,1.09266,3885.5805,24.88341,1.0000,,327600.00,891.93745,10891.93745,0.102279,0.644860,1.059985,0.026581
429,EURUSD,sell,2022-06-03T08:00:00+00:00,2022-06-03T10:00:00+00:00,1.07516,1.07389,1.07643,1.07310,73594.1719,93.56012,,,7200.00,985.49757,11012.69557,0.092326,0.645688,1.066277,0.037078
430,EURUSD,sell,2022-06-03T08:00:00+00:00,2022-06-03T11:00:00+00:00,1.07516,1.07462,1.07462,1.07310,24531.3906,13.21511,1.0000,,10800.00,998.71268,10998.71268,0.093478,0.646512,1.067165,0.035857
431,EURUSD,sell,2022-06-21T15:00:00+00:00,2022-06-22T00:00:00+00:00,1.05468,1.05112,1.05824,1.04804,24261.8662,86.32920,,,32400.00,1085.04188,11112.87650,0.084069,0.647332,1.072971,0.040206
432,EURUSD,sell,2022-06-21T15:00:00+00:00,2022-06-22T01:00:00+00:00,1.05468,1.05153,1.05153,1.04804,8087.2887,25.48931,1.0000,,36000.00,1110.53119,11110.53119,0.084262,0.648148,1.074685,0.040004
433,EURUSD,buy,2022-08-23T13:00:00+00:00,2022-09-05T05:00:00+00:00,0.99990,0.99002,0.99002,1.01921,11418.8399,-112.81771,-1.0000,,1094400.00,997.71348,10997.71348,0.093560,0.646651,1.066593,0.031449
434,EURUSD,sell,2022-09-06T08:00:00+00:00,2022-09-06T10:00:00+00:00,0.99563,0.99264,0.99862,0.99010,29043.2574,86.82096,,,7200.00,1084.53443,11167.44846,0.079571,0.647465,1.072388,0.046007
435,EURUSD,sell,2022-09-06T08:00:00+00:00,2022-09-06T10:00:00+00:00,0.99563,0.99563,0.99563,0.99010,9681.0858,0.00000,,,7200.00,1084.53443,11167.44846,0.079571,0.645977,1.072388,0.046007
436,EURUSD,sell,2022-09-06T09:00:00+00:00,2022-09-06T12:00:00+00:00,0.99510,0.99158,0.99862,0.98851,24475.6235,86.13676,,,10800.00,1170.67119,11212.20398,0.075882,0.646789,1.078137,0.049782
437,EURUSD,sell,2022-09-06T09:00:00+00:00,2022-09-06T13:00:00+00:00,0.99510,0.99058,0.99058,0.98851,8158.5412,36.88242,1.0000,,14400.00,1207.55361,11207.55361,0.076265,0.647597,1.080599,0.049391
438,EURUSD,buy,2022-10-28T19:00:00+00:00,2022-10-31T07:00:00+00:00,0.99675,0.99286,0.99286,1.00408,29966.7209,-116.55526,-1.0000,,216000.00,1090.99835,11090.99835,0.085872,0.646119,1.072257,0.038137
439,EURUSD,buy,2022-11-10T19:00:00+00:00,2022-11-15T10:00:00+00:00,1.01826,1.04299,0.99354,1.06725,3385.5306,83.69951,,,399600.00,1174.69786,11202.33201,0.076696,0.646925,1.077801,0.047567
440,EURUSD,buy,2022-11-10T19:00:00+00:00,2022-11-15T11:00:00+00:00,1.01826,1.04090,1.04090,1.06725,1128.5102,25.54641,1.0000,,403200.00,1200.24427,11200.24427,0.076868,0.647727,1.079493,0.047392
441,EURUSD,buy,2022-12-07T13:00:00+00:00,2022-12-13T13:00:00+00:00,1.05437,1.06443,1.04431,1.07401,8485.0335,85.34358,,,518400.00,1285.58785,11285.58785,0.069834,0.648526,1.085145,0.055325
442,EURUSD,buy,2022-12-07T13:00:00+00:00,2022-12-13T13:00:00+00:00,1.05437,1.05437,1.05437,1.07401,2828.3445,0.00000,,,518400.00,1285.58785,11285.58785,0.069834,0.647059,1.085145,0.055325
443,EURUSD,buy,2023-02-23T19:00:00+00:00,2023-02-24T11:00:00+00:00,1.05970,1.05769,1.05769,1.06324,61003.1776,-122.55117,-1.0000,,57600.00,1163.03668,11043.30372,0.089803,0.645598,1.076408,0.026373
444,EURUSD,buy,2023-02-23T20:00:00+00:00,2023-02-24T11:00:00+00:00,1.06046,1.05769,1.05769,1.06552,43239.8002,-119.73295,-1.0000,,54000.00,1043.30372,11043.30372,0.089803,0.644144,1.068007,0.026373
445,EURUSD,sell,2023-03-09T15:00:00+00:00,2023-03-09T18:00:00+00:00,1.05670,1.05862,1.05862,1.05334,62746.0439,-120.38010,-1.0000,,10800.00,922.92362,10922.92362,0.099725,0.642697,1.059692,0.016254
446,EURUSD,sell,2023-03-09T19:00:00+00:00,2023-03-10T00:00:00+00:00,1.05739,1.05910,1.05910,1.05445,70470.4750,-120.40814,-1.0000,,18000.00,802.51547,10802.51547,0.109649,0.641256,1.051503,0.009348
447,EURUSD,sell,2023-06-13T13:00:00+00:00,2023-06-14T12:00:00+00:00,1.07924,1.08234,1.08234,1.07352,36743.2499,-113.97425,-1.0000,,82800.00,688.54122,10575.10255,0.128392,0.639821,1.043868,-0.009591
448,EURUSD,sell,2023-06-13T15:00:00+00:00,2023-06-14T12:00:00+00:00,1.07895,1.08234,1.08234,1.07265,33444.3204,-113.43867,-1.0000,,75600.00,575.10255,10575.10255,0.128392,0.638393,1.036377,-0.009591
449,EURUSD,sell,2023-06-14T19:00:00+00:00,2023-06-15T12:00:00+00:00,1.08250,1.08640,1.08640,1.07518,28275.6753,-110.34297,-1.0000,,61200.00,464.75958,10464.75958,0.137487,0.636971,1.029194,-0.020055
450,EURUSD,sell,2023-06-22T08:00:00+00:00,2023-06-22T09:00:00+00:00,1.09913,1.10035,1.10035,1.09717,98724.1470,-120.92657,-1.0000,,3600.00,343.83302,10343.83302,0.147454,0.635556,1.021435,-0.030460
451,EURUSD,buy,2023-10-03T18:00:00+00:00,2023-10-04T10:00:00+00:00,1.04762,1.05040,1.04483,1.05272,29497.6227,82.21338,,,57600.00,426.04640,10452.62259,0.138487,0.636364,1.026561,-0.021664
452,EURUSD,buy,2023-10-03T18:00:00+00:00,2023-10-04T11:00:00+00:00,1.04762,1.04978,1.04978,1.05272,9832.5409,21.26662,1.0000,,61200.00,447.31302,10447.31302,0.138925,0.637168,1.027886,-0.022128
453,EURUSD,sell,2023-10-27T14:00:00+00:00,2023-10-27T15:00:00+00:00,1.05765,1.05947,1.05947,1.05449,62935.6206,-114.45922,-1.0000,,3600.00,332.85380,10332.85380,0.148359,0.635762,1.020604,-0.031851
454,EURUSD,buy,2023-11-22T18:00:00+00:00,2023-11-23T08:00:00+00:00,1.08862,1.09203,1.08522,1.09494,23918.6431,81.40158,,,50400.00,414.25537,10541.31055,0.131177,0.636564,1.025643,-0.015955
455,EURUSD,buy,2023-11-22T20:00:00+00:00,2023-11-23T08:00:00+00:00,1.08889,1.09257,1.08522,1.09575,22078.7474,81.10207,,,43200.00,495.35745,10541.31055,0.131177,0.637363,1.030663,-0.015955
456,EURUSD,buy,2023-11-22T18:00:00+00:00,2023-11-23T09:00:00+00:00,1.08862,1.09055,1.09055,1.09494,7972.8810,15.36160,1.0000,,54000.00,510.71904,10522.91159,0.132694,0.638158,1.031614,-0.017545
457,EURUSD,buy,2023-11-22T20:00:00+00:00,2023-11-23T09:00:00+00:00,1.08889,1.09055,1.09055,1.09575,7359.5825,12.19255,1.0000,,46800.00,522.91159,10522.91159,0.132694,0.638950,1.032368,-0.017545
458,EURUSD,sell,2023-12-22T18:00:00+00:00,2023-12-26T19:00:00+00:00,1.10114,1.10401,1.10401,1.09591,38973.7466,-111.66744,-1.0000,,349200.00,411.24415,10299.71702,0.151090,0.637555,1.025281,-0.045630
459,EURUSD,sell,2023-12-22T20:00:00+00:00,2023-12-26T19:00:00+00:00,1.10108,1.10401,1.10401,1.09573,38126.4913,-111.52714,-1.0000,,342000.00,299.71702,10299.71702,0.151090,0.636166,1.018300,-0.045630
460,EURUSD,buy,2024-01-17T15:00:00+00:00,2024-01-17T16:00:00+00:00,1.08506,1.08568,1.08445,1.08580,171661.9503,105.18329,,,3600.00,404.90030,10404.90030,0.142420,0.636957,1.024722,-0.036517
461,EURUSD,buy,2024-01-17T15:00:00+00:00,2024-01-17T16:00:00+00:00,1.08506,1.08506,1.08506,1.08580,57220.6501,0.00000,,,3600.00,404.90030,10404.90030,0.142420,0.635575,1.024722,-0.036517
462,EURUSD,buy,2024-02-28T14:00:00+00:00,2024-02-29T17:00:00+00:00,1.08315,1.07966,1.07966,1.08965,31245.9469,-109.12486,-1.0000,,97200.00,295.77544,10187.24117,0.160360,0.634199,1.017940,-0.053440
463,EURUSD,buy,2024-02-28T15:00:00+00:00,2024-02-29T17:00:00+00:00,1.08359,1.07966,1.07966,1.09097,27599.2050,-108.53427,-1.0000,,93600.00,187.24117,10187.24117,0.160360,0.632829,1.011282,-0.053440
464,EURUSD,sell,2024-03-13T20:00:00+00:00,2024-03-14T12:00:00+00:00,1.09455,1.09271,1.09638,1.09137,45751.0831,83.91693,,,57600.00,271.15810,10295.03702,0.151475,0.633621,1.016339,-0.046294
465,EURUSD,sell,2024-03-13T20:00:00+00:00,2024-03-14T13:00:00+00:00,1.09455,1.09312,1.09312,1.09137,15250.3610,21.74387,1.0000,,61200.00,292.90197,10292.90197,0.151651,0.634409,1.017649,-0.046480
466,EURUSD,sell,2024-04-04T18:00:00+00:00,2024-04-05T12:00:00+00:00,1.08484,1.08202,1.08765,1.07970,29130.8546,81.93781,,,64800.00,374.83978,10412.78029,0.141771,0.635193,1.022586,-0.034566
467,EURUSD,sell,2024-04-04T18:00:00+00:00,2024-04-05T13:00:00+00:00,1.08484,1.08137,1.08137,1.07970,9710.2849,33.66799,1.0000,,68400.00,408.50776,10408.50776,0.142123,0.635974,1.024615,-0.034928
468,EURUSD,buy,2024-04-11T19:00:00+00:00,2024-04-12T06:00:00+00:00,1.07304,1.06992,1.06992,1.07880,35163.8776,-109.74407,-1.0000,,39600.00,298.76369,10298.76369,0.151168,0.634615,1.017884,-0.044001
469,EURUSD,sell,2024-04-30T18:00:00+00:00,2024-05-03T01:00:00+00:00,1.06763,1.07353,1.07353,1.05631,17942.0970,-105.86140,-1.0000,,198000.00,192.90230,10087.28934,0.168598,0.633262,1.011474,-0.063801
470,EURUSD,sell,2024-04-30T19:00:00+00:00,2024-05-03T01:00:00+00:00,1.06709,1.07353,1.07353,1.05469,16399.3052,-105.61296,-1.0000,,194400.00,87.28934,10087.28934,0.168598,0.631915,1.005160,-0.063801
471,EURUSD,buy,2024-05-08T18:00:00+00:00,2024-05-09T06:00:00+00:00,1.07468,1.07397,1.07397,1.07562,183405.2607,-130.43379,-1.0000,,43200.00,-43.14445,9706.24406,0.200004,0.630573,0.997469,-0.081388
472,EURUSD,buy,2024-05-08T19:00:00+00:00,2024-05-09T06:00:00+00:00,1.07469,1.07397,1.07397,1.07565,180130.1667,-129.90618,-1.0000,,39600.00,-173.05063,9706.24406,0.200004,0.629237,0.989926,-0.081388
473,EURUSD,buy,2024-05-08T20:00:00+00:00,2024-05-09T06:00:00+00:00,1.07495,1.07397,1.07397,1.07643,123015.7236,-120.70530,-1.0000,,36000.00,-293.75594,9706.24406,0.200004,0.627907,0.983018,-0.081388
474,EURUSD,sell,2024-06-06T19:00:00+00:00,2024-06-07T12:00:00+00:00,1.08876,1.08731,1.09020,1.08636,56872.5238,82.08627,,,61200.00,-211.66966,9788.33034,0.193239,0.628692,0.987763,-0.075356
475,EURUSD,sell,2024-06-06T19:00:00+00:00,2024-06-07T12:00:00+00:00,1.08876,1.08876,1.08876,1.08636,18957.5079,0.00000,,,61200.00,-211.66966,9788.33034,0.193239,0.627368,0.987763,-0.075356
476,EURUSD,sell,2024-07-03T18:00:00+00:00,2024-07-05T00:00:00+00:00,1.07785,1.08168,1.08168,1.07067,26671.1998,-102.19608,-1.0000,,108000.00,-313.86574,9686.13426,0.201662,0.626050,0.981962,-0.082260
477,EURUSD,buy,2024-09-03T20:00:00+00:00,2024-09-04T14:00:00+00:00,1.10448,1.10632,1.10263,1.10767,43241.6708,79.80884,,,64800.00,-234.05690,9811.98616,0.191289,0.626834,0.986549,-0.070601
478,EURUSD,buy,2024-09-03T20:00:00+00:00,2024-09-04T14:00:00+00:00,1.10448,1.10767,1.10448,1.10767,14413.8903,46.04306,,,64800.00,-188.01384,9811.98616,0.191289,0.627615,0.989195,-0.070601
479,EURUSD,buy,2024-10-23T19:00:00+00:00,2024-10-24T17:00:00+00:00,1.07873,1.08134,1.07612,1.08347,30036.6923,78.44940,,,79200.00,-109.56444,9923.95865,0.182060,0.628392,0.993703,-0.063532
480,EURUSD,buy,2024-10-23T19:00:00+00:00,2024-10-24T18:00:00+00:00,1.07873,1.08177,1.08177,1.08347,10012.2308,30.41930,1.0000,,82800.00,-79.14514,9920.85486,0.182316,0.629167,0.995452,-0.063804
481,EURUSD,buy,2024-11-12T20:00:00+00:00,2024-11-13T08:00:00+00:00,1.06237,1.05951,1.05951,1.06761,36743.9069,-105.06301,-1.0000,,43200.00,-184.20815,9815.79185,0.190975,0.627859,0.989477,-0.071430
482,EURUSD,buy,2024-12-26T20:00:00+00:00,2024-12-30T11:00:00+00:00,1.04215,1.04503,1.03926,1.04745,26966.4611,77.83326,,,313200.00,-106.37489,10002.02716,0.175626,0.628631,0.993923,-0.051938
483,EURUSD,buy,2024-12-26T18:00:00+00:00,2024-12-30T12:00:00+00:00,1.04225,1.04535,1.03914,1.04799,24955.4030,77.51931,,,324000.00,-28.85559,10009.23228,0.175032,0.629400,0.998352,-0.051312
484,EURUSD,buy,2024-12-26T20:00:00+00:00,2024-12-30T12:00:00+00:00,1.04215,1.04390,1.04390,1.04745,8988.8204,15.76371,1.0000,,316800.00,-13.09188,10009.23228,0.175032,0.630165,0.999252,-0.051312
485,EURUSD,buy,2024-12-26T18:00:00+00:00,2024-12-30T13:00:00+00:00,1.04225,1.04390,1.04390,1.04799,8318.4677,13.75614,1.0000,,327600.00,0.66426,10000.66426,0.175738,0.630928,1.000038,-0.052056
486,EURUSD,sell,2025-01-02T08:00:00+00:00,2025-01-02T10:00:00+00:00,1.03611,1.03467,1.03756,1.03369,58143.3969,84.04282,,,7200.00,84.70708,10211.53522,0.158358,0.631687,1.004839,-0.034188
487,EURUSD,sell,2025-01-02T08:00:00+00:00,2025-01-02T10:00:00+00:00,1.03611,1.03369,1.03611,1.03369,19381.1323,46.99071,,,7200.00,131.69779,10211.53522,0.158358,0.632444,1.007523,-0.034188
488,EURUSD,sell,2025-01-02T09:00:00+00:00,2025-01-02T10:00:00+00:00,1.03499,1.03243,1.03756,1.03033,31122.3991,79.83743,,,3600.00,211.53522,10211.53522,0.158358,0.633197,1.012084,-0.034188
489,EURUSD,sell,2025-01-02T09:00:00+00:00,2025-01-02T10:00:00+00:00,1.03499,1.03499,1.03499,1.03033,10374.1330,0.00000,,,3600.00,211.53522,10211.53522,0.158358,0.631902,1.012084,-0.034188
490,EURUSD,sell,2025-01-02T13:00:00+00:00,2025-01-02T16:00:00+00:00,1.03118,1.02479,1.03756,1.01887,12293.1804,78.48826,,,10800.00,290.02349,10310.77970,0.150178,0.632653,1.016568,-0.025758
491,EURUSD,sell,2025-01-02T13:00:00+00:00,2025-01-02T17:00:00+00:00,1.03118,1.02679,1.02679,1.01887,4097.7268,17.96976,1.0000,,14400.00,307.99325,10307.99325,0.150408,0.633401,1.017594,-0.025994
492,EURUSD,sell,2025-01-02T19:00:00+00:00,2025-01-06T09:00:00+00:00,1.02495,1.03568,1.03568,1.00394,9742.9048,-104.57805,-1.0000,,309600.00,203.41520,10112.25699,0.166540,0.632114,1.011551,-0.041467
493,EURUSD,sell,2025-01-02T18:00:00+00:00,2025-01-06T11:00:00+00:00,1.02548,1.03701,1.03701,1.00287,9057.9906,-104.47345,-1.0000,,320400.00,98.94174,10098.94174,0.167638,0.630832,1.005585,-0.042537
494,EURUSD,sell,2025-01-24T13:00:00+00:00,2025-01-24T15:00:00+00:00,1.04669,1.05150,1.05150,1.03755,21718.1543,-104.39976,-1.0000,,7200.00,-5.45802,9994.54198,0.176243,0.629555,0.999694,-0.051004
495,EURUSD,sell,2025-01-24T20:00:00+00:00,2025-01-27T01:00:00+00:00,1.04929,1.04646,1.05213,1.04409,27969.8003,79.36200,,,190800.00,73.90398,10101.99109,0.167386,0.630303,1.004148,-0.040409
496,EURUSD,sell,2025-01-24T20:00:00+00:00,2025-01-27T02:00:00+00:00,1.04929,1.04665,1.04665,1.04409,9323.2668,24.63750,1.0000,,194400.00,98.54148,10098.54148,0.167671,0.631048,1.005530,-0.040693
497,EURUSD,sell,2025-02-14T20:00:00+00:00,2025-02-18T01:00:00+00:00,1.04902,1.04665,1.05140,1.04474,34116.6942,81.10824,,,277200.00,179.64973,10207.31408,0.158706,0.631791,1.010082,-0.033941
498,EURUSD,sell,2025-02-14T20:00:00+00:00,2025-02-18T02:00:00+00:00,1.04902,1.04705,1.04705,1.04474,11372.2314,22.43313,1.0000,,280800.00,202.08285,10202.08285,0.159137,0.632530,1.011341,-0.034367
499,EURUSD,buy,2025-02-19T19:00:00+00:00,2025-02-20T13:00:00+00:00,1.04272,1.04534,1.04009,1.04750,30977.9844,81.36008,,,64800.00,283.44293,10304.85508,0.150666,0.633267,1.015907,-0.028828
500,EURUSD,buy,2025-02-19T19:00:00+00:00,2025-02-20T14:00:00+00:00,1.04272,1.04419,1.04419,1.04750,10325.9948,15.21655,1.0000,,68400.00,298.65949,10298.65949,0.151177,0.634000,1.016761,-0.029332
501,EURUSD,buy,2025-05-22T19:00:00+00:00,2025-05-23T01:00:00+00:00,1.12801,1.13044,1.12558,1.13236,34176.9673,83.02187,,,21600.00,381.68135,10420.19679,0.141160,0.634731,1.021420,-0.024911
502,EURUSD,buy,2025-05-22T19:00:00+00:00,2025-05-23T02:00:00+00:00,1.12801,1.13080,1.13080,1.13236,11392.3224,31.79397,1.0000,,25200.00,413.47532,10413.47532,0.141714,0.635458,1.023204,-0.025444
503,EURUSD,sell,2025-05-29T20:00:00+00:00,2025-05-30T00:00:00+00:00,1.13632,1.13843,1.13843,1.13261,53677.7078,-113.28538,-1.0000,,14400.00,300.18994,10300.18994,0.151051,0.634195,1.016740,-0.031041
504,EURUSD,sell,2025-06-05T18:00:00+00:00,2025-06-06T12:00:00+00:00,1.14403,1.13858,1.14948,1.13364,14630.9516,79.76253,,,64800.00,379.95248,10472.68374,0.136834,0.634921,1.021188,-0.018128
505,EURUSD,sell,2025-06-05T18:00:00+00:00,2025-06-06T13:00:00+00:00,1.14403,1.14022,1.14022,1.13364,4876.9839,18.57336,1.0000,,68400.00,398.52583,10498.91710,0.134672,0.635644,1.022224,-0.016024
506,EURUSD,sell,2025-06-05T19:00:00+00:00,2025-06-06T13:00:00+00:00,1.14362,1.13776,1.14948,1.13241,13576.7003,79.58076,,,64800.00,478.10659,10498.91710,0.134672,0.636364,1.026662,-0.016024
507,EURUSD,sell,2025-06-05T19:00:00+00:00,2025-06-06T14:00:00+00:00,1.14362,1.14022,1.14022,1.13241,4525.5668,15.37983,1.0000,,68400.00,493.48642,10493.48642,0.135119,0.637081,1.027520,-0.016459
508,EURUSD,sell,2025-06-20T19:00:00+00:00,2025-06-22T21:00:00+00:00,1.15139,1.14838,1.15439,1.14590,27809.5930,83.50481,,,180000.00,576.99123,10627.85744,0.124044,0.637795,1.032176,-0.005990
509,EURUSD,sell,2025-06-20T19:00:00+00:00,2025-06-22T21:00:00+00:00,1.15139,1.14590,1.15139,1.14590,9269.8643,50.86621,,,180000.00,627.85744,10627.85744,0.124044,0.638507,1.035013,-0.005990
510,EURUSD,sell,2025-06-24T20:00:00+00:00,2025-06-25T17:00:00+00:00,1.16072,1.16417,1.16417,1.15433,32402.0044,-111.92085,-1.0000,,75600.00,515.93659,10515.93659,0.133269,0.637255,1.028593,-0.011363
511,EURUSD,sell,2025-06-26T14:00:00+00:00,2025-06-27T12:00:00+00:00,1.17063,1.17449,1.17449,1.16345,28575.9147,-110.17791,-1.0000,,79200.00,405.75868,10296.00844,0.151395,0.636008,1.022351,-0.028542
512,EURUSD,sell,2025-06-26T20:00:00+00:00,2025-06-27T12:00:00+00:00,1.16981,1.17401,1.17401,1.16195,26159.0463,-109.75024,-1.0000,,57600.00,296.00844,10296.00844,0.151395,0.634766,1.016207,-0.028542
