symbol,side,entry_time,exit_time,entry_price,exit_price,stop,target,size,pnl,confluence
EURUSD,sell,2007-01-04T15:00:00+00:00,2007-01-04T16:00:00+00:00,1.30837,1.32478,1.31721,1.32438,11834.3195,-194.20050,0.555
EURUSD,buy,2007-02-16T14:00:00+00:00,2007-02-16T15:00:00+00:00,1.31229,1.31107,1.31151,1.31268,251430.7565,-308.50755,0.67
EURUSD,sell,2007-02-22T08:00:00+00:00,2007-02-22T09:00:00+00:00,1.30888,1.31707,1.31359,1.31667,21984.4721,-180.00407,0.505
EURUSD,buy,2007-02-22T15:00:00+00:00,2007-02-22T16:00:00+00:00,1.31106,1.31243,1.30930,1.31341,51007.0505,69.84666,0.52
EURUSD,buy,2007-02-22T15:00:00+00:00,2007-02-22T16:00:00+00:00,1.31106,1.31062,1.31106,1.31341,17002.3502,-7.53721,0.52
EURUSD,buy,2007-04-27T13:00:00+00:00,2007-04-27T15:00:00+00:00,1.36721,1.36354,1.36400,1.36820,33498.5619,-122.91376,0.516
EURUSD,sell,2007-05-17T13:00:00+00:00,2007-05-17T14:00:00+00:00,1.34828,1.35796,1.35229,1.35755,25641.7828,-248.26038,0.555
EURUSD,buy,2007-05-30T19:00:00+00:00,2007-05-30T21:00:00+00:00,1.34342,1.34207,1.34252,1.34402,180168.4640,-244.24484,0.65
EURUSD,sell,2007-06-01T13:00:00+00:00,2007-06-01T14:00:00+00:00,1.34215,1.34128,1.34342,1.34079,75553.2617,65.76932,0.516
EURUSD,sell,2007-06-01T13:00:00+00:00,2007-06-01T14:00:00+00:00,1.34215,1.34260,1.34215,1.34079,25184.4206,-11.39996,0.516
EURUSD,buy,2007-06-08T19:00:00+00:00,2007-06-11T00:00:00+00:00,1.33708,1.33405,1.33450,1.34104,40452.0537,-122.62389,0.65
EURUSD,buy,2007-07-12T08:00:00+00:00,2007-07-12T09:00:00+00:00,1.37908,1.37074,1.37476,1.37115,22240.2144,-185.59339,0.505
EURUSD,sell,2007-07-27T13:00:00+00:00,2007-07-27T16:00:00+00:00,1.36491,1.36331,1.36692,1.36311,39892.1739,63.85643,0.516
EURUSD,sell,2007-07-27T13:00:00+00:00,2007-07-27T16:00:00+00:00,1.36491,1.36352,1.36491,1.36311,13297.3913,18.50293,0.516
EURUSD,buy,2007-08-23T12:00:00+00:00,2007-08-23T13:00:00+00:00,1.35633,1.35122,1.35413,1.35163,48003.8537,-244.92838,0.505
EURUSD,sell,2007-09-28T13:00:00+00:00,2007-09-28T14:00:00+00:00,1.41937,1.42143,1.42095,1.41750,72589.2298,-148.97052,0.62
EURUSD,buy,2007-10-11T12:00:00+00:00,2007-10-11T13:00:00+00:00,1.41797,1.40905,1.41429,1.40947,25227.0489,-224.97742,0.505
EURUSD,sell,2007-10-11T13:00:00+00:00,2007-10-11T14:00:00+00:00,1.41688,1.42207,1.42159,1.40875,18630.4053,-96.53689,0.62
EURUSD,buy,2007-10-25T13:00:00+00:00,2007-10-25T14:00:00+00:00,1.43193,1.41814,1.42941,1.41857,37690.3186,-519.56183,0.555
EURUSD,sell,2007-10-25T19:00:00+00:00,2007-10-25T20:00:00+00:00,1.43068,1.43286,1.43238,1.42857,57934.7619,-126.24344,0.5700000000000001
EURUSD,buy,2007-11-02T12:00:00+00:00,2007-11-02T14:00:00+00:00,1.44835,1.44604,1.44652,1.45251,51653.3666,-119.74888,0.516
EURUSD,sell,2007-12-06T13:00:00+00:00,2007-12-06T14:00:00+00:00,1.46017,1.46252,1.46203,1.47062,50082.5524,-117.53408,0.555
EURUSD,sell,2007-12-20T20:00:00+00:00,2007-12-20T21:00:00+00:00,1.43155,1.44392,1.43503,1.44349,22931.7651,-283.72650,0.505
EURUSD,sell,2007-12-21T14:00:00+00:00,2007-12-21T15:00:00+00:00,1.43753,1.43914,1.43866,1.43656,95863.7408,-154.62831,0.54
EURUSD,sell,2007-12-21T15:00:00+00:00,2007-12-21T16:00:00+00:00,1.43636,1.43564,1.43758,1.43521,82985.2348,59.61659,0.54
EURUSD,buy,2007-12-27T07:00:00+00:00,2007-12-27T08:00:00+00:00,1.45095,1.44794,1.44842,1.44524,31652.8715,-95.26451,0.505
EURUSD,sell,2008-02-07T15:00:00+00:00,2008-02-07T16:00:00+00:00,1.44975,1.47491,1.45390,1.47447,17574.6243,-442.13182,0.555
EURUSD,buy,2008-03-06T13:00:00+00:00,2008-03-06T14:00:00+00:00,1.53538,1.51850,1.52724,1.51896,7914.1326,-133.56020,0.555
EURUSD,sell,2008-03-20T14:00:00+00:00,2008-03-20T15:00:00+00:00,1.54256,1.57709,1.56008,1.57662,3484.4628,-120.33903,0.505
EURUSD,sell,2008-04-24T12:00:00+00:00,2008-04-24T13:00:00+00:00,1.57154,1.59961,1.57559,1.59913,16268.5882,-456.68110,0.555
EURUSD,buy,2008-05-15T07:00:00+00:00,2008-05-15T08:00:00+00:00,1.55231,1.53772,1.54696,1.53818,10998.9211,-160.44133,0.505
EURUSD,sell,2008-05-29T08:00:00+00:00,2008-05-29T09:00:00+00:00,1.55641,1.57290,1.56124,1.57243,11942.7343,-196.92127,0.505
EURUSD,buy,2008-06-13T19:00:00+00:00,2008-06-13T20:00:00+00:00,1.53643,1.53832,1.53408,1.53975,19881.3924,37.55906,0.65
EURUSD,buy,2008-06-13T19:00:00+00:00,2008-06-13T20:00:00+00:00,1.53643,1.53592,1.53643,1.53975,6627.1308,-3.38590,0.65
EURUSD,buy,2008-06-26T12:00:00+00:00,2008-06-26T13:00:00+00:00,1.57239,1.56013,1.56917,1.56060,18342.8511,-224.87888,0.505
EURUSD,sell,2008-07-24T08:00:00+00:00,2008-07-24T09:00:00+00:00,1.56614,1.57009,1.56957,1.57575,16281.7742,-64.32716,0.555
EURUSD,buy,2008-08-21T07:00:00+00:00,2008-08-21T08:00:00+00:00,1.47854,1.47980,1.47684,1.47170,28304.0358,35.64486,0.505
EURUSD,buy,2008-08-21T07:00:00+00:00,2008-08-21T08:00:00+00:00,1.47854,1.47805,1.47854,1.47170,9434.6786,-4.65647,0.505
EURUSD,buy,2008-09-03T13:00:00+00:00,2008-09-03T14:00:00+00:00,1.44755,1.44627,1.44675,1.44786,129353.1459,-166.62574,0.52
EURUSD,sell,2008-09-11T13:00:00+00:00,2008-09-11T14:00:00+00:00,1.38979,1.40153,1.39453,1.40111,10693.1497,-125.50973,0.505
EURUSD,buy,2008-09-11T14:00:00+00:00,2008-09-11T16:00:00+00:00,1.39258,1.39558,1.38916,1.39816,11234.8273,33.69156,0.6200000000000001
EURUSD,buy,2008-09-11T14:00:00+00:00,2008-09-11T16:00:00+00:00,1.39258,1.39211,1.39258,1.39816,3744.9424,-1.75173,0.6200000000000001
EURUSD,buy,2008-09-18T12:00:00+00:00,2008-09-18T13:00:00+00:00,1.44467,1.41252,1.43314,1.41294,4077.3610,-131.11633,0.505
EURUSD,sell,2008-10-02T17:00:00+00:00,2008-10-02T18:00:00+00:00,1.38289,1.42118,1.38550,1.42075,19976.1565,-764.91130,0.505
EURUSD,sell,2008-10-24T14:00:00+00:00,2008-10-24T17:00:00+00:00,1.27287,1.26378,1.28234,1.24941,2994.9201,27.23268,0.516
EURUSD,sell,2008-10-24T14:00:00+00:00,2008-10-24T18:00:00+00:00,1.27287,1.26459,1.26416,1.24941,998.3067,8.26474,0.516
EURUSD,sell,2008-12-05T13:00:00+00:00,2008-12-05T14:00:00+00:00,1.26622,1.26918,1.26875,1.25490,17048.0956,-50.47293,0.516
EURUSD,buy,2008-12-11T07:00:00+00:00,2008-12-11T08:00:00+00:00,1.31209,1.29306,1.30391,1.29345,4640.3949,-88.31388,0.505
EURUSD,buy,2008-12-18T13:00:00+00:00,2008-12-18T14:00:00+00:00,1.45830,1.44022,1.44070,1.41765,2055.1012,-37.15531,0.505
EURUSD,buy,2008-12-25T20:00:00+00:00,2008-12-25T21:00:00+00:00,1.40231,1.39839,1.40055,1.39881,26040.2867,-102.08339,0.505
EURUSD,sell,2008-12-26T19:00:00+00:00,2008-12-26T20:00:00+00:00,1.40618,1.40533,1.40745,1.40490,29888.0737,25.42005,0.65
EURUSD,sell,2008-12-26T19:00:00+00:00,2008-12-26T20:00:00+00:00,1.40618,1.40665,1.40618,1.40490,9962.6912,-4.70108,0.65
EURUSD,sell,2008-12-26T20:00:00+00:00,2008-12-26T21:00:00+00:00,1.40533,1.40498,1.40610,1.40505,73029.2999,25.58640,0.65
EURUSD,sell,2008-12-26T20:00:00+00:00,2008-12-26T21:00:00+00:00,1.40533,1.40580,1.40533,1.40505,24343.1000,-11.48053,0.65
EURUSD,sell,2009-01-07T19:00:00+00:00,2009-01-07T20:00:00+00:00,1.36094,1.36306,1.36260,1.35885,27377.1189,-57.96284,0.5700000000000001
EURUSD,sell,2009-02-05T20:00:00+00:00,2009-02-05T21:00:00+00:00,1.27927,1.29154,1.28440,1.29115,7082.4780,-86.91079,0.505
EURUSD,buy,2009-02-12T18:00:00+00:00,2009-02-12T19:00:00+00:00,1.28368,1.28403,1.28295,1.28400,70227.1338,24.55590,0.7
EURUSD,buy,2009-02-12T18:00:00+00:00,2009-02-12T19:00:00+00:00,1.28368,1.28325,1.28368,1.28400,23409.0446,-10.18505,0.7
EURUSD,buy,2009-03-06T13:00:00+00:00,2009-03-06T14:00:00+00:00,1.27298,1.27327,1.26410,1.27365,3872.5142,1.10802,0.516
EURUSD,buy,2009-03-19T17:00:00+00:00,2009-03-19T18:00:00+00:00,1.36416,1.32180,1.34730,1.32220,2001.6688,-84.78225,0.505
EURUSD,buy,2009-04-02T17:00:00+00:00,2009-04-02T18:00:00+00:00,1.34745,1.30516,1.34060,1.30555,4973.5858,-210.36169,0.505
EURUSD,buy,2009-04-09T07:00:00+00:00,2009-04-09T08:00:00+00:00,1.33180,1.32000,1.32595,1.32040,5500.1856,-64.87766,0.505
EURUSD,sell,2009-04-29T19:00:00+00:00,2009-04-30T00:00:00+00:00,1.32455,1.32840,1.32795,1.31895,9775.7450,-37.59639,0.7
EURUSD,buy,2009-04-30T08:00:00+00:00,2009-04-30T09:00:00+00:00,1.33395,1.32315,1.32645,1.32355,4077.6438,-44.02685,0.505
EURUSD,buy,2009-05-07T17:00:00+00:00,2009-05-07T18:00:00+00:00,1.33690,1.31760,1.33085,1.31800,5046.1952,-97.37315,0.505
EURUSD,buy,2009-07-02T17:00:00+00:00,2009-07-02T18:00:00+00:00,1.40284,1.40088,1.40135,1.40456,25735.7675,-50.47083,0.62
EURUSD,buy,2009-07-16T19:00:00+00:00,2009-07-16T20:00:00+00:00,1.41453,1.39696,1.40935,1.39738,5679.1099,-99.80154,0.505
EURUSD,buy,2009-08-13T13:00:00+00:00,2009-08-13T14:00:00+00:00,1.42774,1.41117,1.42387,1.41159,7568.1824,-125.41742,0.555
EURUSD,buy,2009-09-03T07:00:00+00:00,2009-09-03T08:00:00+00:00,1.42988,1.42328,1.42825,1.42371,20650.3111,-136.20838,0.505
EURUSD,sell,2009-09-09T18:00:00+00:00,2009-09-10T12:00:00+00:00,1.45381,1.46049,1.46000,1.44275,4072.7460,-27.18269,0.52
EURUSD,buy,2009-09-17T07:00:00+00:00,2009-09-17T08:00:00+00:00,1.47461,1.46812,1.47017,1.46856,5786.6157,-37.57145,0.505
EURUSD,sell,2009-10-06T17:00:00+00:00,2009-10-06T23:00:00+00:00,1.47076,1.47386,1.47337,1.46686,10493.4324,-32.56517,0.7
EURUSD,buy,2009-10-08T17:00:00+00:00,2009-10-08T18:00:00+00:00,1.47917,1.47175,1.47575,1.47219,7531.9116,-55.92652,0.505
EURUSD,sell,2009-10-13T18:00:00+00:00,2009-10-13T21:00:00+00:00,1.48179,1.48664,1.48614,1.47441,5597.3993,-27.15033,0.65
EURUSD,buy,2009-11-13T07:00:00+00:00,2009-11-13T14:00:00+00:00,1.48762,1.48431,1.48481,1.50495,9158.6135,-30.23789,0.516
EURUSD,buy,2009-11-24T09:00:00+00:00,2009-11-24T10:00:00+00:00,1.49416,1.49455,1.49332,1.49449,40984.5175,15.96815,0.64
EURUSD,buy,2009-11-24T09:00:00+00:00,2009-11-24T10:00:00+00:00,1.49416,1.49366,1.49416,1.49449,13661.5058,-6.80661,0.64
EURUSD,buy,2009-11-24T08:00:00+00:00,2009-11-24T12:00:00+00:00,1.49211,1.49538,1.48839,1.49820,4888.0617,15.97785,0.5900000000000001
EURUSD,buy,2009-11-24T08:00:00+00:00,2009-11-24T12:00:00+00:00,1.49211,1.49775,1.49211,1.49820,1629.3539,9.19451,0.5900000000000001
EURUSD,buy,2009-11-27T14:00:00+00:00,2009-11-27T15:00:00+00:00,1.49120,1.49210,1.48985,1.49255,18046.0735,16.23175,0.57
EURUSD,buy,2009-11-27T14:00:00+00:00,2009-11-27T15:00:00+00:00,1.49120,1.49070,1.49120,1.49255,6015.3578,-2.99170,0.57
EURUSD,sell,2009-12-17T13:00:00+00:00,2009-12-17T14:00:00+00:00,1.43406,1.43707,1.43659,1.44477,10375.0898,-31.24291,0.505
EURUSD,buy,2009-12-17T19:00:00+00:00,2009-12-17T23:00:00+00:00,1.43518,1.43215,1.43263,1.43899,10129.8394,-30.69543,0.62
EURUSD,buy,2009-12-31T07:00:00+00:00,2009-12-31T08:00:00+00:00,1.44138,1.42953,1.43591,1.42996,4200.0606,-49.77606,0.505
EURUSD,sell,2010-02-04T13:00:00+00:00,2010-02-04T14:00:00+00:00,1.38176,1.39631,1.38539,1.39589,6419.4238,-93.42456,0.555
EURUSD,buy,2010-03-09T20:00:00+00:00,2010-03-09T22:00:00+00:00,1.36014,1.35888,1.35934,1.36051,50605.8950,-63.54613,0.62
EURUSD,sell,2010-03-18T06:00:00+00:00,2010-03-18T07:00:00+00:00,1.36774,1.36602,1.36987,1.37633,8328.8537,14.33198,0.505
EURUSD,sell,2010-03-18T06:00:00+00:00,2010-03-18T07:00:00+00:00,1.36774,1.36820,1.36774,1.37633,2776.2846,-1.27803,0.505
EURUSD,buy,2010-04-06T19:00:00+00:00,2010-04-06T20:00:00+00:00,1.34072,1.33922,1.33967,1.34162,29586.7343,-44.49792,0.7
EURUSD,sell,2010-04-08T08:00:00+00:00,2010-04-08T09:00:00+00:00,1.32908,1.33846,1.33389,1.33806,4259.9542,-39.95949,0.505
EURUSD,sell,2010-04-15T12:00:00+00:00,2010-04-15T13:00:00+00:00,1.35469,1.37840,1.35975,1.37799,3954.1512,-93.75264,0.555
EURUSD,sell,2010-05-06T13:00:00+00:00,2010-05-06T14:00:00+00:00,1.27417,1.29798,1.28030,1.29759,3034.6569,-72.26016,0.555
EURUSD,sell,2010-07-02T19:00:00+00:00,2010-07-02T20:00:00+00:00,1.25455,1.25575,1.25532,1.25415,42888.9109,-51.17033,0.5700000000000001
EURUSD,sell,2010-07-02T17:00:00+00:00,2010-07-06T08:00:00+00:00,1.25357,1.26090,1.26047,1.24091,2565.4410,-18.79016,0.5700000000000001
EURUSD,sell,2010-07-16T14:00:00+00:00,2010-07-16T15:00:00+00:00,1.29468,1.29409,1.29566,1.29389,20373.3945,12.02866,0.7
EURUSD,sell,2010-07-16T14:00:00+00:00,2010-07-16T15:00:00+00:00,1.29468,1.29512,1.29468,1.29389,6791.1315,-2.97736,0.7
EURUSD,buy,2010-07-29T12:00:00+00:00,2010-07-29T13:00:00+00:00,1.30881,1.29214,1.30644,1.29253,8140.1936,-135.69935,0.505
EURUSD,sell,2010-08-12T12:00:00+00:00,2010-08-12T13:00:00+00:00,1.28128,1.28399,1.28355,1.29878,7809.8359,-21.16136,0.555
EURUSD,buy,2010-09-16T13:00:00+00:00,2010-09-16T14:00:00+00:00,1.30683,1.30893,1.30434,1.28642,5196.0629,10.90724,0.555
EURUSD,buy,2010-09-16T13:00:00+00:00,2010-09-16T14:00:00+00:00,1.30683,1.30639,1.30683,1.28642,1732.0210,-0.76561,0.555
EURUSD,buy,2010-10-07T08:00:00+00:00,2010-10-07T09:00:00+00:00,1.39672,1.38362,1.39178,1.38404,3241.2373,-42.44109,0.505
EURUSD,buy,2010-10-14T08:00:00+00:00,2010-10-14T09:00:00+00:00,1.40775,1.40881,1.40627,1.40164,10065.5530,10.66374,0.505
EURUSD,buy,2010-10-14T08:00:00+00:00,2010-10-14T09:00:00+00:00,1.40775,1.40728,1.40775,1.40164,3355.1843,-1.58469,0.505
EURUSD,buy,2010-10-21T12:00:00+00:00,2010-10-21T13:00:00+00:00,1.39946,1.37825,1.39482,1.37866,3392.6000,-71.96828,0.505
EURUSD,buy,2010-11-04T12:00:00+00:00,2010-11-04T13:00:00+00:00,1.42663,1.40011,1.42176,1.40053,3062.4075,-81.20898,0.555
EURUSD,sell,2010-11-04T19:00:00+00:00,2010-11-04T23:00:00+00:00,1.41987,1.42314,1.42266,1.41558,5417.3726,-17.67636,0.65
EURUSD,sell,2010-11-04T17:00:00+00:00,2010-11-05T10:00:00+00:00,1.41868,1.41140,1.42639,1.40455,1317.1359,9.59196,0.65
EURUSD,sell,2010-11-04T17:00:00+00:00,2010-11-05T11:00:00+00:00,1.41868,1.41306,1.41259,1.40455,439.0453,2.46764,0.65
EURUSD,buy,2010-12-02T18:00:00+00:00,2010-12-02T19:00:00+00:00,1.32024,1.29907,1.31108,1.29946,1453.0630,-30.75523,0.505
EURUSD,sell,2010-12-23T15:00:00+00:00,2010-12-23T16:00:00+00:00,1.30630,1.30955,1.30911,1.31657,5132.7602,-16.70588,0.555
EURUSD,buy,2010-12-30T15:00:00+00:00,2010-12-30T16:00:00+00:00,1.32851,1.31753,1.32367,1.31793,2759.9596,-30.28728,0.555
EURUSD,sell,2011-01-06T08:00:00+00:00,2011-01-06T09:00:00+00:00,1.31175,1.31843,1.31447,1.31803,5129.3339,-34.25908,0.505
EURUSD,sell,2011-02-08T19:00:00+00:00,2011-02-09T03:00:00+00:00,1.36215,1.36521,1.36475,1.35818,5300.8024,-16.21096,0.52
EURUSD,sell,2011-03-10T08:00:00+00:00,2011-03-10T09:00:00+00:00,1.38341,1.39304,1.38801,1.39262,2738.4325,-26.35176,0.505
EURUSD,buy,2011-03-31T12:00:00+00:00,2011-03-31T13:00:00+00:00,1.41842,1.40262,1.41248,1.40304,2029.6062,-32.06029,0.505
EURUSD,sell,2011-04-12T19:00:00+00:00,2011-04-13T00:00:00+00:00,1.44724,1.44899,1.44851,1.44599,12931.5800,-22.74496,0.5700000000000001
EURUSD,sell,2011-04-14T12:00:00+00:00,2011-04-14T13:00:00+00:00,1.44281,1.45635,1.44553,1.45591,4644.1387,-62.88045,0.505
EURUSD,buy,2011-04-21T08:00:00+00:00,2011-04-21T09:00:00+00:00,1.46395,1.44818,1.45607,1.44861,1344.9292,-21.21442,0.555
EURUSD,sell,2011-05-12T12:00:00+00:00,2011-05-12T13:00:00+00:00,1.41543,1.41835,1.41787,1.43188,4848.5787,-14.15848,0.505
EURUSD,buy,2011-05-26T07:00:00+00:00,2011-05-26T08:00:00+00:00,1.41814,1.41503,1.41550,1.40901,4367.6670,-13.58322,0.505
EURUSD,sell,2011-06-14T19:00:00+00:00,2011-06-14T20:00:00+00:00,1.44454,1.44600,1.44552,1.44387,17303.1125,-25.38647,0.5900000000000001
EURUSD,sell,2011-06-16T06:00:00+00:00,2011-06-16T07:00:00+00:00,1.41367,1.43027,1.41864,1.42984,2035.7906,-33.80060,0.505
EURUSD,sell,2011-06-23T08:00:00+00:00,2011-06-23T09:00:00+00:00,1.42746,1.42404,1.43131,1.43557,1957.2020,6.69614,0.505
EURUSD,sell,2011-06-23T08:00:00+00:00,2011-06-23T09:00:00+00:00,1.42746,1.42794,1.42746,1.43557,652.4007,-0.31201,0.505
EURUSD,sell,2011-07-28T14:00:00+00:00,2011-07-28T15:00:00+00:00,1.42960,1.44709,1.43647,1.44666,1395.7582,-24.41601,0.555
EURUSD,buy,2011-08-03T12:00:00+00:00,2011-08-03T13:00:00+00:00,1.43387,1.42795,1.42843,1.44346,1745.4137,-10.33031,0.5700000000000001
EURUSD,buy,2011-08-03T19:00:00+00:00,2011-08-03T21:00:00+00:00,1.43223,1.43380,1.43023,1.43494,4127.9710,6.47791,0.5700000000000001
EURUSD,buy,2011-08-03T19:00:00+00:00,2011-08-03T21:00:00+00:00,1.43223,1.43175,1.43223,1.43494,1375.9903,-0.66000,0.5700000000000001
EURUSD,buy,2011-08-03T17:00:00+00:00,2011-08-04T03:00:00+00:00,1.43331,1.42932,1.42980,1.43904,2805.5907,-11.19091,0.62
EURUSD,sell,2011-09-01T12:00:00+00:00,2011-09-01T13:00:00+00:00,1.42965,1.44737,1.43744,1.44694,1166.7784,-20.67894,0.555
EURUSD,sell,2011-09-22T18:00:00+00:00,2011-09-22T19:00:00+00:00,1.34640,1.34581,1.34739,1.36987,10653.4321,6.28999,0.505
EURUSD,sell,2011-09-22T18:00:00+00:00,2011-09-22T19:00:00+00:00,1.34640,1.34685,1.34640,1.36987,3551.1440,-1.61198,0.505
EURUSD,buy,2011-10-27T07:00:00+00:00,2011-10-27T08:00:00+00:00,1.40111,1.38970,1.39504,1.39012,1491.5894,-17.01492,0.505
EURUSD,sell,2011-12-29T13:00:00+00:00,2011-12-29T14:00:00+00:00,1.28887,1.30036,1.29389,1.29997,1783.4408,-20.48597,0.555
EURUSD,buy,2012-01-04T20:00:00+00:00,2012-01-04T23:00:00+00:00,1.29490,1.29287,1.29331,1.29691,6710.3926,-13.59748,0.52
EURUSD,sell,2012-01-18T13:00:00+00:00,2012-01-18T14:00:00+00:00,1.27998,1.28105,1.28062,1.27984,30448.0628,-32.83242,0.7
EURUSD,buy,2012-01-19T09:00:00+00:00,2012-01-19T10:00:00+00:00,1.28864,1.28069,1.28495,1.28107,2299.4461,-18.28243,0.505
EURUSD,buy,2012-01-26T13:00:00+00:00,2012-01-26T14:00:00+00:00,1.31729,1.30436,1.31337,1.30475,2103.7920,-27.19465,0.555
EURUSD,sell,2012-02-16T08:00:00+00:00,2012-02-16T09:00:00+00:00,1.29969,1.30549,1.30275,1.30510,2671.6859,-15.49993,0.505
EURUSD,buy,2012-02-23T07:00:00+00:00,2012-02-23T08:00:00+00:00,1.32767,1.32974,1.32520,1.32288,2528.4065,5.23163,0.505
EURUSD,buy,2012-02-23T07:00:00+00:00,2012-02-23T08:00:00+00:00,1.32767,1.32722,1.32767,1.32288,842.8022,-0.37782,0.505
EURUSD,sell,2012-03-01T14:00:00+00:00,2012-03-01T15:00:00+00:00,1.33031,1.33381,1.33336,1.34114,2651.6755,-9.27884,0.505
EURUSD,buy,2012-03-08T13:00:00+00:00,2012-03-08T14:00:00+00:00,1.32508,1.30677,1.32062,1.30716,1707.9192,-31.27123,0.555
EURUSD,sell,2012-03-22T12:00:00+00:00,2012-03-22T13:00:00+00:00,1.31653,1.33236,1.32129,1.33196,1518.6788,-24.03259,0.505
EURUSD,sell,2012-03-29T17:00:00+00:00,2012-03-29T18:00:00+00:00,1.32726,1.32916,1.32871,1.33976,6077.2510,-11.52810,0.505
EURUSD,buy,2012-03-29T18:00:00+00:00,2012-03-29T22:00:00+00:00,1.32899,1.33006,1.32752,1.33073,4391.9387,4.69691,0.65
EURUSD,buy,2012-03-29T18:00:00+00:00,2012-03-29T23:00:00+00:00,1.32899,1.32964,1.33009,1.33073,1463.9796,0.95512,0.65
EURUSD,sell,2012-04-05T13:00:00+00:00,2012-04-05T14:00:00+00:00,1.30572,1.32572,1.30847,1.32532,2678.9631,-53.57773,0.505
EURUSD,buy,2012-04-12T14:00:00+00:00,2012-04-12T15:00:00+00:00,1.31789,1.30869,1.31327,1.30908,1371.2264,-12.61250,0.505
EURUSD,buy,2012-04-26T08:00:00+00:00,2012-04-26T09:00:00+00:00,1.32399,1.31809,1.32157,1.31849,2802.2033,-16.51233,0.505
EURUSD,sell,2012-05-24T19:00:00+00:00,2012-05-24T20:00:00+00:00,1.25277,1.26508,1.25844,1.26470,1038.8142,-12.78298,0.505
EURUSD,buy,2012-06-07T12:00:00+00:00,2012-06-07T13:00:00+00:00,1.25963,1.26193,1.25695,1.25253,1750.2709,4.02402,0.555
EURUSD,buy,2012-06-07T12:00:00+00:00,2012-06-07T13:00:00+00:00,1.25963,1.25920,1.25963,1.25253,583.4236,-0.24963,0.555
EURUSD,sell,2012-07-05T14:00:00+00:00,2012-07-05T15:00:00+00:00,1.23767,1.26803,1.25138,1.26765,405.1905,-12.30228,0.555
EURUSD,sell,2012-07-12T12:00:00+00:00,2012-07-12T13:00:00+00:00,1.21785,1.23131,1.22275,1.23094,1166.0527,-15.68894,0.505
EURUSD,buy,2012-07-26T14:00:00+00:00,2012-07-26T15:00:00+00:00,1.23031,1.22798,1.22840,1.19440,3328.1358,-7.74619,0.555
EURUSD,sell,2012-08-09T18:00:00+00:00,2012-08-09T19:00:00+00:00,1.22904,1.24651,1.23240,1.24614,1688.2499,-29.49823,0.505
EURUSD,buy,2012-08-23T07:00:00+00:00,2012-08-23T08:00:00+00:00,1.25599,1.25187,1.25301,1.25225,1828.0327,-7.51752,0.555
EURUSD,buy,2012-09-06T17:00:00+00:00,2012-09-06T18:00:00+00:00,1.26416,1.25670,1.26181,1.25708,2374.4720,-17.70468,0.555
EURUSD,sell,2012-09-20T08:00:00+00:00,2012-09-20T09:00:00+00:00,1.29616,1.30701,1.30246,1.30662,761.5335,-8.26336,0.555
EURUSD,buy,2012-10-04T07:00:00+00:00,2012-10-04T08:00:00+00:00,1.29508,1.28925,1.29208,1.28964,1692.7316,-9.86067,0.505
EURUSD,buy,2012-10-11T12:00:00+00:00,2012-10-11T13:00:00+00:00,1.29298,1.27925,1.28795,1.27963,930.9101,-12.78295,0.505
EURUSD,buy,2012-10-26T13:00:00+00:00,2012-10-26T14:00:00+00:00,1.29275,1.29331,1.29180,1.29348,5613.7409,3.14145,0.65
EURUSD,buy,2012-10-26T13:00:00+00:00,2012-10-26T14:00:00+00:00,1.29275,1.29231,1.29275,1.29348,1871.2470,-0.81925,0.65
EURUSD,buy,2012-10-26T14:00:00+00:00,2012-10-26T15:00:00+00:00,1.29358,1.29249,1.29293,1.29371,16210.8277,-17.60206,0.5700000000000001
EURUSD,sell,2012-11-07T15:00:00+00:00,2012-11-07T16:00:00+00:00,1.27507,1.27713,1.27670,1.27295,3231.0357,-6.67422,0.62
EURUSD,sell,2012-11-09T15:00:00+00:00,2012-11-09T16:00:00+00:00,1.27052,1.27208,1.27165,1.26895,5296.0699,-8.27659,0.516
EURUSD,buy,2012-11-16T18:00:00+00:00,2012-11-16T19:00:00+00:00,1.27330,1.27178,1.27221,1.27434,5477.8683,-8.34566,0.52
EURUSD,buy,2012-11-16T20:00:00+00:00,2012-11-16T21:00:00+00:00,1.27402,1.27388,1.27333,1.27426,12276.8705,-1.77241,0.52
EURUSD,buy,2012-11-22T13:00:00+00:00,2012-11-22T14:00:00+00:00,1.28879,1.27792,1.28417,1.27830,895.5333,-9.73446,0.505
EURUSD,buy,2012-11-29T13:00:00+00:00,2012-11-29T14:00:00+00:00,1.29896,1.29963,1.29790,1.29005,4131.4491,2.76627,0.505
EURUSD,buy,2012-11-29T13:00:00+00:00,2012-11-29T14:00:00+00:00,1.29896,1.29852,1.29896,1.29005,1377.1497,-0.60550,0.505
EURUSD,buy,2012-12-27T13:00:00+00:00,2012-12-27T14:00:00+00:00,1.32853,1.31760,1.32559,1.31800,1461.5626,-15.96587,0.555
EURUSD,sell,2013-01-03T13:00:00+00:00,2013-01-03T14:00:00+00:00,1.31068,1.31968,1.31196,1.31928,3991.8092,-35.92271,0.555
EURUSD,sell,2013-02-14T07:00:00+00:00,2013-02-14T08:00:00+00:00,1.33829,1.33951,1.33906,1.34945,8631.0355,-10.55869,0.505
EURUSD,sell,2013-02-21T13:00:00+00:00,2013-02-21T14:00:00+00:00,1.31894,1.32022,1.31977,1.33623,7181.1540,-9.13262,0.555
EURUSD,sell,2013-05-01T19:00:00+00:00,2013-05-01T20:00:00+00:00,1.31803,1.31923,1.31878,1.31773,8561.6287,-10.19842,0.65
EURUSD,sell,2013-05-08T18:00:00+00:00,2013-05-09T13:00:00+00:00,1.31556,1.31186,1.31964,1.30857,588.3304,2.17173,0.52
EURUSD,sell,2013-05-08T19:00:00+00:00,2013-05-09T13:00:00+00:00,1.31511,1.31096,1.31964,1.30722,524.3815,2.17171,0.52
EURUSD,sell,2013-05-08T18:00:00+00:00,2013-05-09T14:00:00+00:00,1.31556,1.31104,1.31060,1.30857,196.1101,0.88485,0.52
EURUSD,sell,2013-05-08T19:00:00+00:00,2013-05-09T14:00:00+00:00,1.31511,1.31104,1.31060,1.30722,174.7938,0.71004,0.52
EURUSD,buy,2013-05-30T12:00:00+00:00,2013-05-30T13:00:00+00:00,1.29916,1.30215,1.29578,1.29183,740.9622,2.21464,0.505
EURUSD,buy,2013-05-30T12:00:00+00:00,2013-05-30T13:00:00+00:00,1.29916,1.29872,1.29916,1.29183,246.9874,-0.10861,0.505
EURUSD,buy,2013-06-06T07:00:00+00:00,2013-06-06T08:00:00+00:00,1.31224,1.30569,1.30952,1.30608,1276.8367,-8.37015,0.505
EURUSD,sell,2013-06-20T12:00:00+00:00,2013-06-20T13:00:00+00:00,1.31927,1.32214,1.32169,1.33319,1431.3505,-4.09713,0.555
EURUSD,buy,2013-08-02T12:00:00+00:00,2013-08-02T13:00:00+00:00,1.32724,1.32295,1.32340,1.33447,828.5921,-3.55056,0.516
EURUSD,buy,2013-08-08T07:00:00+00:00,2013-08-08T08:00:00+00:00,1.33492,1.32992,1.33330,1.33032,2307.2550,-11.53501,0.505
EURUSD,sell,2013-08-29T08:00:00+00:00,2013-08-29T09:00:00+00:00,1.32607,1.34246,1.33360,1.34206,378.6116,-6.20566,0.505
EURUSD,buy,2013-09-19T12:00:00+00:00,2013-09-19T13:00:00+00:00,1.35454,1.34887,1.35222,1.34927,1380.8609,-7.83089,0.505
EURUSD,buy,2013-10-17T08:00:00+00:00,2013-10-17T09:00:00+00:00,1.36257,1.34502,1.35506,1.34542,360.4416,-6.32657,0.505
EURUSD,buy,2013-10-24T06:00:00+00:00,2013-10-24T07:00:00+00:00,1.38101,1.37795,1.37841,1.37560,1139.6666,-3.49614,0.505
EURUSD,sell,2013-10-31T12:00:00+00:00,2013-10-31T13:00:00+00:00,1.36383,1.37905,1.37125,1.37864,351.0568,-5.34409,0.505
EURUSD,buy,2013-12-05T07:00:00+00:00,2013-12-05T08:00:00+00:00,1.36264,1.35634,1.35855,1.35675,654.2031,-4.11866,0.505
EURUSD,buy,2014-01-15T20:00:00+00:00,2014-01-16T13:00:00+00:00,1.36081,1.36266,1.35855,1.36410,959.3030,1.77394,0.5700000000000001
EURUSD,buy,2014-01-15T20:00:00+00:00,2014-01-16T13:00:00+00:00,1.36081,1.36035,1.36081,1.36410,319.7677,-0.14653,0.5700000000000001
EURUSD,sell,2014-02-20T09:00:00+00:00,2014-02-20T10:00:00+00:00,1.36974,1.38302,1.37382,1.38261,649.1975,-8.62513,0.555
EURUSD,sell,2014-03-07T18:00:00+00:00,2014-03-07T21:00:00+00:00,1.38690,1.38827,1.38780,1.38636,4783.9661,-6.51840,0.7
EURUSD,sell,2014-03-07T19:00:00+00:00,2014-03-07T21:00:00+00:00,1.38661,1.38796,1.38749,1.38611,4991.9646,-6.70107,0.7
EURUSD,sell,2014-03-20T12:00:00+00:00,2014-03-20T13:00:00+00:00,1.37606,1.37794,1.37748,1.39062,2142.6822,-4.04153,0.555
EURUSD,sell,2014-03-27T12:00:00+00:00,2014-03-27T13:00:00+00:00,1.37572,1.37778,1.37732,1.38240,1784.6166,-3.68711,0.555
EURUSD,sell,2014-05-08T17:00:00+00:00,2014-05-08T20:00:00+00:00,1.38462,1.38433,1.38685,1.38391,1152.9407,0.34509,0.505
EURUSD,buy,2014-05-20T19:00:00+00:00,2014-05-21T05:00:00+00:00,1.37045,1.37039,1.36966,1.37080,5500.7201,-0.34243,0.54
EURUSD,sell,2014-07-09T17:00:00+00:00,2014-07-09T18:00:00+00:00,1.36177,1.36370,1.36324,1.36006,1968.7258,-3.79500,0.5700000000000001
EURUSD,buy,2014-07-30T19:00:00+00:00,2014-07-31T12:00:00+00:00,1.33961,1.33697,1.33742,1.34279,1144.6365,-3.02524,0.5700000000000001
EURUSD,sell,2014-09-25T08:00:00+00:00,2014-09-25T09:00:00+00:00,1.27214,1.28403,1.27852,1.28364,336.4412,-3.99922,0.505
EURUSD,buy,2014-10-09T08:00:00+00:00,2014-10-09T09:00:00+00:00,1.27642,1.26913,1.27361,1.26951,814.2612,-5.93895,0.505
EURUSD,sell,2014-10-30T06:00:00+00:00,2014-10-30T07:00:00+00:00,1.25943,1.26540,1.26295,1.26502,611.2310,-3.64749,0.505
EURUSD,sell,2014-11-06T14:00:00+00:00,2014-11-06T15:00:00+00:00,1.24406,1.26362,1.24816,1.26324,504.7695,-9.87445,0.505
EURUSD,sell,2014-12-18T09:00:00+00:00,2014-12-18T10:00:00+00:00,1.22991,1.24143,1.23361,1.24106,535.7495,-6.17259,0.555
EURUSD,buy,2014-12-25T08:00:00+00:00,2014-12-25T09:00:00+00:00,1.22310,1.21862,1.22213,1.21899,2870.5332,-12.83851,0.505
EURUSD,sell,2015-01-08T13:00:00+00:00,2015-01-08T14:00:00+00:00,1.17840,1.18943,1.18332,1.18907,348.7822,-3.84719,0.505
EURUSD,sell,2015-01-15T18:00:00+00:00,2015-01-15T19:00:00+00:00,1.16124,1.19851,1.17490,1.19815,116.8642,-4.35529,0.505
EURUSD,buy,2015-01-23T14:00:00+00:00,2015-01-23T15:00:00+00:00,1.12473,1.12625,1.12287,1.12743,746.0083,1.13344,0.65
EURUSD,buy,2015-01-23T14:00:00+00:00,2015-01-23T15:00:00+00:00,1.12473,1.12434,1.12473,1.12743,248.6694,-0.09634,0.65
EURUSD,buy,2015-01-23T15:00:00+00:00,2015-01-23T16:00:00+00:00,1.12495,1.12669,1.12287,1.12809,656.1557,1.14124,0.65
EURUSD,buy,2015-01-23T15:00:00+00:00,2015-01-23T16:00:00+00:00,1.12495,1.12456,1.12495,1.12809,218.7186,-0.08475,0.65
EURUSD,sell,2015-03-05T07:00:00+00:00,2015-03-05T08:00:00+00:00,1.10479,1.10981,1.10795,1.10948,541.6417,-2.72141,0.505
EURUSD,sell,2015-03-24T13:00:00+00:00,2015-03-24T14:00:00+00:00,1.09351,1.09085,1.09650,1.08852,424.5203,1.12965,0.67
EURUSD,sell,2015-03-24T13:00:00+00:00,2015-03-24T14:00:00+00:00,1.09351,1.09389,1.09351,1.08852,141.5068,-0.05350,0.67
EURUSD,sell,2015-04-23T07:00:00+00:00,2015-04-23T08:00:00+00:00,1.06824,1.07006,1.06969,1.07507,1341.9410,-2.44433,0.555
EURUSD,buy,2015-04-30T12:00:00+00:00,2015-04-30T13:00:00+00:00,1.11661,1.11379,1.11417,1.09655,707.0853,-2.00043,0.505
EURUSD,sell,2015-05-12T14:00:00+00:00,2015-05-12T17:00:00+00:00,1.12440,1.12268,1.12646,1.12130,641.8368,1.10442,0.52
EURUSD,sell,2015-05-12T14:00:00+00:00,2015-05-12T18:00:00+00:00,1.12440,1.12297,1.12258,1.12130,213.9456,0.30718,0.52
EURUSD,sell,2015-05-12T17:00:00+00:00,2015-05-13T06:00:00+00:00,1.12191,1.12685,1.12646,1.11383,352.2541,-1.73824,0.6
EURUSD,sell,2015-05-12T18:00:00+00:00,2015-05-13T06:00:00+00:00,1.12163,1.12685,1.12646,1.11299,330.9714,-1.72587,0.6
EURUSD,sell,2015-05-12T19:00:00+00:00,2015-05-13T06:00:00+00:00,1.12120,1.12685,1.12646,1.11170,302.0451,-1.70487,0.6
EURUSD,sell,2015-05-12T12:00:00+00:00,2015-05-13T12:00:00+00:00,1.12249,1.12846,1.12807,1.11235,280.9057,-1.67568,0.6
EURUSD,buy,2015-05-14T12:00:00+00:00,2015-05-14T13:00:00+00:00,1.14160,1.12929,1.13729,1.12963,357.0819,-4.39613,0.505
EURUSD,sell,2015-05-28T08:00:00+00:00,2015-05-28T09:00:00+00:00,1.09372,1.09310,1.09467,1.09281,1661.6781,1.03088,0.67
EURUSD,sell,2015-05-28T08:00:00+00:00,2015-05-28T09:00:00+00:00,1.09372,1.09410,1.09372,1.09281,553.8927,-0.20944,0.67
EURUSD,buy,2015-06-04T12:00:00+00:00,2015-06-04T13:00:00+00:00,1.12973,1.12571,1.12610,1.11594,420.0207,-1.68707,0.555
EURUSD,buy,2015-06-18T12:00:00+00:00,2015-06-18T13:00:00+00:00,1.13965,1.14058,1.13838,1.12949,1100.8045,1.02322,0.555
EURUSD,buy,2015-06-18T12:00:00+00:00,2015-06-18T13:00:00+00:00,1.13965,1.13926,1.13965,1.12949,366.9348,-0.14379,0.555
EURUSD,buy,2015-07-09T06:00:00+00:00,2015-07-09T07:00:00+00:00,1.11012,1.10662,1.10700,1.10289,492.3985,-1.72587,0.505
EURUSD,sell,2015-07-16T13:00:00+00:00,2015-07-16T14:00:00+00:00,1.09052,1.09245,1.09207,1.10125,1111.9123,-2.14031,0.505
EURUSD,buy,2015-07-23T12:00:00+00:00,2015-07-23T13:00:00+00:00,1.09681,1.08686,1.09322,1.08719,409.5491,-4.07301,0.505
EURUSD,sell,2015-07-30T12:00:00+00:00,2015-07-30T13:00:00+00:00,1.09493,1.09245,1.09774,1.10201,391.4516,0.97117,0.555
EURUSD,sell,2015-07-30T12:00:00+00:00,2015-07-30T13:00:00+00:00,1.09493,1.09531,1.09493,1.10201,130.4839,-0.04939,0.555
EURUSD,buy,2015-08-20T12:00:00+00:00,2015-08-20T13:00:00+00:00,1.11585,1.10806,1.11287,1.10839,491.9312,-3.83567,0.505
EURUSD,sell,2015-08-27T17:00:00+00:00,2015-08-27T18:00:00+00:00,1.12515,1.12683,1.12644,1.14559,1331.8537,-2.23165,0.505
EURUSD,sell,2015-09-03T17:00:00+00:00,2015-09-03T18:00:00+00:00,1.11291,1.13388,1.11532,1.13354,597.5695,-12.53344,0.505
EURUSD,buy,2015-09-24T12:00:00+00:00,2015-09-24T13:00:00+00:00,1.12545,1.11181,1.11858,1.11214,171.1501,-2.33469,0.555
EURUSD,sell,2015-10-01T06:00:00+00:00,2015-10-01T07:00:00+00:00,1.11385,1.11558,1.11520,1.11571,1072.8071,-1.86543,0.505
EURUSD,sell,2015-10-02T19:00:00+00:00,2015-10-02T20:00:00+00:00,1.11996,1.12117,1.12078,1.11934,2240.8519,-2.69426,0.5700000000000001
EURUSD,sell,2015-10-02T17:00:00+00:00,2015-10-05T09:00:00+00:00,1.12268,1.12844,1.12805,1.11296,213.8388,-1.23071,0.5700000000000001
EURUSD,sell,2015-10-22T08:00:00+00:00,2015-10-22T09:00:00+00:00,1.13097,1.13964,1.13460,1.13930,315.0028,-2.73145,0.505
EURUSD,sell,2015-10-30T17:00:00+00:00,2015-10-30T18:00:00+00:00,1.10140,1.10053,1.10260,1.09999,869.8661,0.75718,0.65
EURUSD,sell,2015-10-30T17:00:00+00:00,2015-10-30T18:00:00+00:00,1.10140,1.10178,1.10140,1.09999,289.9554,-0.11031,0.65
EURUSD,sell,2015-10-30T18:00:00+00:00,2015-10-30T19:00:00+00:00,1.10003,1.09911,1.10128,1.09852,827.8642,0.76203,0.65
EURUSD,sell,2015-10-30T18:00:00+00:00,2015-10-30T19:00:00+00:00,1.10003,1.10041,1.10003,1.09852,275.9547,-0.10487,0.65
EURUSD,sell,2015-10-30T19:00:00+00:00,2015-10-30T20:00:00+00:00,1.09938,1.10036,1.09998,1.09917,3785.5000,-3.70949,0.7
EURUSD,sell,2015-12-22T20:00:00+00:00,2015-12-23T08:00:00+00:00,1.09478,1.09181,1.09808,1.08917,248.7349,0.73901,0.5700000000000001
EURUSD,sell,2015-12-22T20:00:00+00:00,2015-12-23T09:00:00+00:00,1.09478,1.09370,1.09332,1.08917,82.9116,0.08983,0.5700000000000001
EURUSD,sell,2015-12-24T13:00:00+00:00,2015-12-24T14:00:00+00:00,1.09393,1.09537,1.09499,1.09280,1360.6555,-1.95498,0.6200000000000001
EURUSD,sell,2015-12-24T20:00:00+00:00,2015-12-25T00:00:00+00:00,1.09600,1.09548,1.09685,1.09529,1404.4164,0.73079,0.67
EURUSD,sell,2015-12-24T20:00:00+00:00,2015-12-25T00:00:00+00:00,1.09600,1.09638,1.09600,1.09529,468.1388,-0.17734,0.67
EURUSD,buy,2016-01-14T09:00:00+00:00,2016-01-14T10:00:00+00:00,1.09055,1.08430,1.08785,1.08463,413.1913,-2.57933,0.505
EURUSD,sell,2016-01-21T18:00:00+00:00,2016-01-21T19:00:00+00:00,1.08806,1.10071,1.08945,1.10038,899.5000,-11.37564,0.505
EURUSD,buy,2016-01-28T14:00:00+00:00,2016-01-28T15:00:00+00:00,1.09258,1.08313,1.08996,1.08346,366.6871,-3.46252,0.555
EURUSD,buy,2016-02-04T15:00:00+00:00,2016-02-04T16:00:00+00:00,1.11713,1.11755,1.11636,1.09357,1404.2238,0.60335,0.505
EURUSD,buy,2016-02-04T15:00:00+00:00,2016-02-04T16:00:00+00:00,1.11713,1.11674,1.11713,1.09357,468.0746,-0.18027,0.505
EURUSD,sell,2016-02-12T13:00:00+00:00,2016-02-12T15:00:00+00:00,1.12427,1.12787,1.12748,1.11606,281.9928,-1.01394,0.516
EURUSD,sell,2016-02-18T14:00:00+00:00,2016-02-18T15:00:00+00:00,1.10932,1.12005,1.11321,1.11971,224.4887,-2.40850,0.505
EURUSD,buy,2016-03-01T18:00:00+00:00,2016-03-02T03:00:00+00:00,1.08727,1.08562,1.08600,1.08882,824.5689,-1.35383,0.62
EURUSD,buy,2016-03-17T12:00:00+00:00,2016-03-17T13:00:00+00:00,1.13053,1.10984,1.12144,1.11017,87.0350,-1.80094,0.505
EURUSD,buy,2016-03-31T14:00:00+00:00,2016-03-31T15:00:00+00:00,1.14012,1.12271,1.13273,1.12305,105.4677,-1.83607,0.505
EURUSD,sell,2016-04-26T17:00:00+00:00,2016-04-26T20:00:00+00:00,1.12896,1.13057,1.13018,1.12754,824.0754,-1.32500,0.5700000000000001
EURUSD,sell,2016-04-26T18:00:00+00:00,2016-04-26T20:00:00+00:00,1.12867,1.13057,1.13018,1.12667,619.8174,-1.17627,0.5700000000000001
EURUSD,sell,2016-04-26T19:00:00+00:00,2016-04-26T20:00:00+00:00,1.12840,1.13057,1.13018,1.12586,503.6017,-1.09165,0.5700000000000001
EURUSD,sell,2016-05-03T13:00:00+00:00,2016-05-03T20:00:00+00:00,1.15487,1.15017,1.15992,1.14582,109.9878,0.51712,0.52
EURUSD,sell,2016-05-03T13:00:00+00:00,2016-05-03T21:00:00+00:00,1.15487,1.15036,1.14996,1.14582,36.6626,0.16566,0.52
EURUSD,sell,2016-05-19T13:00:00+00:00,2016-05-19T14:00:00+00:00,1.11953,1.12314,1.12275,1.12635,241.6962,-0.87078,0.505
EURUSD,buy,2016-06-23T12:00:00+00:00,2016-06-23T13:00:00+00:00,1.13945,1.13699,1.13738,1.12687,397.3278,-0.97859,0.555
EURUSD,buy,2016-07-28T08:00:00+00:00,2016-07-28T09:00:00+00:00,1.11084,1.10228,1.10620,1.10261,157.2137,-1.34637,0.505
EURUSD,sell,2016-08-04T08:00:00+00:00,2016-08-04T09:00:00+00:00,1.11310,1.11646,1.11436,1.11613,714.1156,-2.40576,0.505
EURUSD,buy,2016-08-12T14:00:00+00:00,2016-08-12T16:00:00+00:00,1.11820,1.11649,1.11688,1.12213,653.1326,-1.11059,0.516
EURUSD,sell,2016-09-02T13:00:00+00:00,2016-09-02T14:00:00+00:00,1.12029,1.11551,1.12541,1.11107,98.6868,0.47188,0.62
EURUSD,sell,2016-09-02T13:00:00+00:00,2016-09-02T14:00:00+00:00,1.12029,1.12068,1.12029,1.11107,32.8956,-0.01270,0.62
EURUSD,buy,2016-09-22T07:00:00+00:00,2016-09-22T08:00:00+00:00,1.12298,1.11439,1.11967,1.11472,213.3185,-1.83266,0.505
EURUSD,sell,2016-10-06T12:00:00+00:00,2016-10-06T13:00:00+00:00,1.11762,1.12293,1.11938,1.12259,433.2600,-2.29722,0.505
EURUSD,sell,2016-10-20T18:00:00+00:00,2016-10-21T02:00:00+00:00,1.09228,1.09016,1.09473,1.09022,209.5249,0.44437,0.505
EURUSD,sell,2016-10-20T18:00:00+00:00,2016-10-21T02:00:00+00:00,1.09228,1.09055,1.09228,1.09022,69.8416,0.12119,0.505
EURUSD,buy,2016-12-22T15:00:00+00:00,2016-12-22T16:00:00+00:00,1.04615,1.04015,1.04351,1.04046,256.6148,-1.54120,0.505
EURUSD,buy,2016-12-28T19:00:00+00:00,2016-12-29T02:00:00+00:00,1.04122,1.04357,1.03856,1.04561,185.9044,0.43671,0.6
EURUSD,buy,2016-12-28T19:00:00+00:00,2016-12-29T03:00:00+00:00,1.04122,1.04289,1.04325,1.04561,61.9681,0.10316,0.6
EURUSD,buy,2017-01-12T07:00:00+00:00,2017-01-12T08:00:00+00:00,1.06327,1.05535,1.05965,1.05567,178.1513,-1.41017,0.505
EURUSD,sell,2017-01-12T19:00:00+00:00,2017-01-12T23:00:00+00:00,1.06236,1.06099,1.06405,1.05994,314.1228,0.43054,0.65
EURUSD,sell,2017-01-12T19:00:00+00:00,2017-01-13T00:00:00+00:00,1.06236,1.06202,1.06165,1.05994,104.7076,0.03588,0.65
EURUSD,sell,2017-01-12T20:00:00+00:00,2017-01-13T07:00:00+00:00,1.06201,1.06442,1.06405,1.05889,333.6032,-0.80329,0.65
EURUSD,buy,2017-01-27T14:00:00+00:00,2017-01-30T01:00:00+00:00,1.07054,1.07339,1.06737,1.07749,150.1128,0.42766,0.516
EURUSD,buy,2017-01-27T14:00:00+00:00,2017-01-30T02:00:00+00:00,1.07054,1.07266,1.07303,1.07749,50.0376,0.10593,0.516
EURUSD,buy,2017-02-07T18:00:00+00:00,2017-02-08T06:00:00+00:00,1.06974,1.06624,1.06661,1.07504,204.8985,-0.71731,0.52
EURUSD,buy,2017-02-07T19:00:00+00:00,2017-02-08T06:00:00+00:00,1.06993,1.06624,1.06661,1.07561,191.9216,-0.70835,0.52
EURUSD,buy,2017-02-16T13:00:00+00:00,2017-02-16T14:00:00+00:00,1.06401,1.06548,1.06222,1.05750,286.4838,0.42095,0.555
EURUSD,buy,2017-02-16T13:00:00+00:00,2017-02-16T14:00:00+00:00,1.06401,1.06364,1.06401,1.05750,95.4946,-0.03526,0.555
EURUSD,sell,2017-03-02T15:00:00+00:00,2017-03-02T16:00:00+00:00,1.05214,1.05602,1.05353,1.05570,528.3786,-2.04612,0.505
EURUSD,buy,2017-03-09T18:00:00+00:00,2017-03-09T21:00:00+00:00,1.05940,1.05733,1.05770,1.06184,394.8579,-0.81539,0.62
EURUSD,buy,2017-03-09T19:00:00+00:00,2017-03-09T21:00:00+00:00,1.05953,1.05733,1.05770,1.06223,360.8635,-0.79212,0.62
EURUSD,sell,2017-03-30T13:00:00+00:00,2017-03-30T14:00:00+00:00,1.07307,1.07855,1.07461,1.07823,433.4663,-2.37777,0.505
EURUSD,buy,2017-04-20T12:00:00+00:00,2017-04-20T13:00:00+00:00,1.07533,1.07633,1.07401,1.06629,378.7884,0.37860,0.555
EURUSD,buy,2017-04-20T12:00:00+00:00,2017-04-20T13:00:00+00:00,1.07533,1.07496,1.07533,1.06629,126.2628,-0.04704,0.555
EURUSD,buy,2017-06-29T08:00:00+00:00,2017-06-29T09:00:00+00:00,1.14288,1.13971,1.14010,1.13764,208.3470,-0.66146,0.505
EURUSD,sell,2017-07-13T17:00:00+00:00,2017-07-13T18:00:00+00:00,1.13938,1.15005,1.14168,1.14971,255.9960,-2.73323,0.505
EURUSD,buy,2017-08-25T12:00:00+00:00,2017-08-25T13:00:00+00:00,1.18088,1.17944,1.17984,1.18278,687.5651,-0.99566,0.516
EURUSD,buy,2017-09-07T17:00:00+00:00,2017-09-07T18:00:00+00:00,1.20031,1.17950,1.19826,1.17985,274.8304,-5.72030,0.505
EURUSD,sell,2017-10-05T12:00:00+00:00,2017-10-05T13:00:00+00:00,1.17270,1.17886,1.17520,1.17851,189.4234,-1.16788,0.505
EURUSD,buy,2017-10-19T12:00:00+00:00,2017-10-19T13:00:00+00:00,1.18337,1.17536,1.17937,1.17571,108.3785,-0.86894,0.555
EURUSD,buy,2017-11-23T09:00:00+00:00,2017-11-23T10:00:00+00:00,1.18462,1.18191,1.18216,1.18226,184.2343,-0.49927,0.505
EURUSD,buy,2017-11-30T19:00:00+00:00,2017-12-01T00:00:00+00:00,1.19013,1.19112,1.18833,1.19148,265.2079,0.26405,0.505
EURUSD,buy,2017-12-28T08:00:00+00:00,2017-12-28T09:00:00+00:00,1.19408,1.18849,1.18910,1.18885,83.2337,-0.46484,0.505
EURUSD,buy,2018-01-11T20:00:00+00:00,2018-01-11T21:00:00+00:00,1.20344,1.18555,1.20281,1.18591,1407.0054,-25.16668,0.505
EURUSD,buy,2018-02-15T09:00:00+00:00,2018-02-15T10:00:00+00:00,1.24907,1.23990,1.24531,1.24027,37.8244,-0.34710,0.505
EURUSD,sell,2018-03-01T14:00:00+00:00,2018-03-01T15:00:00+00:00,1.21688,1.21940,1.21898,1.22245,72.1119,-0.18106,0.505
EURUSD,sell,2018-03-15T14:00:00+00:00,2018-03-15T15:00:00+00:00,1.23401,1.24278,1.23691,1.24241,48.5941,-0.42632,0.505
EURUSD,sell,2018-03-29T17:00:00+00:00,2018-03-29T18:00:00+00:00,1.22923,1.23637,1.23135,1.23600,67.8170,-0.48419,0.505
EURUSD,buy,2018-05-10T14:00:00+00:00,2018-05-10T15:00:00+00:00,1.18826,1.18926,1.18690,1.17909,85.3784,0.08533,0.505
EURUSD,buy,2018-05-10T14:00:00+00:00,2018-05-10T15:00:00+00:00,1.18826,1.18785,1.18826,1.17909,28.4595,-0.01157,0.505
EURUSD,sell,2018-05-25T12:00:00+00:00,2018-05-25T13:00:00+00:00,1.16729,1.16654,1.17089,1.16619,35.2540,0.02644,0.516
EURUSD,buy,2018-05-31T12:00:00+00:00,2018-05-31T13:00:00+00:00,1.16761,1.16557,1.16597,1.16093,89.0232,-0.18160,0.505
EURUSD,sell,2018-06-06T08:00:00+00:00,2018-06-06T09:00:00+00:00,1.17387,1.17729,1.17689,1.16888,42.3310,-0.14500,0.64
EURUSD,sell,2018-06-06T12:00:00+00:00,2018-06-06T13:00:00+00:00,1.17624,1.17729,1.17689,1.17599,371.9130,-0.39276,0.7
EURUSD,sell,2018-06-06T17:00:00+00:00,2018-06-06T18:00:00+00:00,1.17613,1.17729,1.17689,1.17566,262.5519,-0.30614,0.7
EURUSD,buy,2018-06-07T12:00:00+00:00,2018-06-07T13:00:00+00:00,1.18374,1.18100,1.18140,1.17330,52.8206,-0.14470,0.505
EURUSD,sell,2018-07-05T18:00:00+00:00,2018-07-05T19:00:00+00:00,1.16768,1.16877,1.16837,1.16735,303.3467,-0.33093,0.65
EURUSD,sell,2018-07-12T12:00:00+00:00,2018-07-12T13:00:00+00:00,1.16679,1.16826,1.16786,1.17027,138.6508,-0.20389,0.555
EURUSD,sell,2018-08-02T07:00:00+00:00,2018-08-02T08:00:00+00:00,1.16276,1.16802,1.16539,1.16767,42.8902,-0.22557,0.505
EURUSD,buy,2018-09-13T14:00:00+00:00,2018-09-13T15:00:00+00:00,1.16792,1.15899,1.16290,1.15934,20.4570,-0.18264,0.505
EURUSD,buy,2018-09-20T13:00:00+00:00,2018-09-20T14:00:00+00:00,1.17607,1.15761,1.16834,1.15796,12.6975,-0.23440,0.505
EURUSD,sell,2018-09-27T06:00:00+00:00,2018-09-27T07:00:00+00:00,1.17029,1.18145,1.17449,1.18110,23.7308,-0.26497,0.505
EURUSD,sell,2018-10-18T06:00:00+00:00,2018-10-18T07:00:00+00:00,1.14853,1.15100,1.15060,1.15185,51.2797,-0.12665,0.505
EURUSD,buy,2018-11-01T08:00:00+00:00,2018-11-01T09:00:00+00:00,1.13815,1.13081,1.13561,1.13115,39.7488,-0.29178,0.505
EURUSD,buy,2018-12-20T13:00:00+00:00,2018-12-20T14:00:00+00:00,1.14492,1.12819,1.14179,1.12853,30.2973,-0.50693,0.505
EURUSD,sell,2019-02-07T08:00:00+00:00,2019-02-07T09:00:00+00:00,1.13519,1.13807,1.13639,1.13773,92.3956,-0.26628,0.505
EURUSD,buy,2019-02-07T18:00:00+00:00,2019-02-07T19:00:00+00:00,1.13570,1.13475,1.13514,1.13580,349.0791,-0.33202,0.65
EURUSD,sell,2019-04-03T14:00:00+00:00,2019-04-03T16:00:00+00:00,1.12262,1.12511,1.12472,1.11944,41.7484,-0.10372,0.62
EURUSD,sell,2019-04-03T18:00:00+00:00,2019-04-04T09:00:00+00:00,1.12356,1.12244,1.12502,1.12166,48.5090,0.05436,0.62
EURUSD,sell,2019-04-03T18:00:00+00:00,2019-04-04T09:00:00+00:00,1.12356,1.12395,1.12356,1.12166,16.1697,-0.00626,0.62
EURUSD,sell,2019-04-03T19:00:00+00:00,2019-04-04T12:00:00+00:00,1.12349,1.12230,1.12502,1.12145,45.6555,0.05436,0.62
EURUSD,sell,2019-04-03T19:00:00+00:00,2019-04-04T12:00:00+00:00,1.12349,1.12179,1.12349,1.12145,15.2185,0.02597,0.62
EURUSD,sell,2019-04-25T12:00:00+00:00,2019-04-25T13:00:00+00:00,1.11273,1.11986,1.11592,1.11952,25.7777,-0.18379,0.555
EURUSD,buy,2019-05-03T13:00:00+00:00,2019-05-03T14:00:00+00:00,1.11693,1.11772,1.11581,1.11818,68.2465,0.05388,0.62
EURUSD,buy,2019-05-03T13:00:00+00:00,2019-05-03T14:00:00+00:00,1.11693,1.11784,1.11693,1.11818,22.7488,0.02069,0.62
EURUSD,sell,2019-06-13T17:00:00+00:00,2019-06-13T18:00:00+00:00,1.12760,1.13162,1.12912,1.13128,61.5526,-0.24730,0.505
EURUSD,buy,2019-06-20T12:00:00+00:00,2019-06-20T13:00:00+00:00,1.13059,1.12912,1.12951,1.12251,94.8096,-0.13917,0.505
EURUSD,sell,2019-08-01T12:00:00+00:00,2019-08-01T13:00:00+00:00,1.10264,1.10475,1.10437,1.10644,49.1195,-0.10375,0.505
EURUSD,buy,2019-09-05T14:00:00+00:00,2019-09-05T15:00:00+00:00,1.10460,1.09838,1.10312,1.09871,58.8955,-0.36638,0.505
EURUSD,sell,2019-09-26T12:00:00+00:00,2019-09-26T13:00:00+00:00,1.09439,1.09535,1.09497,1.10017,256.2641,-0.24522,0.505
EURUSD,buy,2019-10-03T18:00:00+00:00,2019-10-03T19:00:00+00:00,1.09767,1.09362,1.09570,1.09395,37.5694,-0.15206,0.505
EURUSD,sell,2019-10-03T19:00:00+00:00,2019-10-03T23:00:00+00:00,1.09670,1.09795,1.09757,1.09595,111.2837,-0.13893,0.5700000000000001
EURUSD,buy,2019-10-10T12:00:00+00:00,2019-10-10T13:00:00+00:00,1.10265,1.09402,1.09829,1.09435,14.5667,-0.12570,0.555
EURUSD,buy,2019-10-17T12:00:00+00:00,2019-10-17T13:00:00+00:00,1.11204,1.10115,1.11070,1.10148,56.8782,-0.61963,0.505
EURUSD,sell,2020-01-15T19:00:00+00:00,2020-01-16T00:00:00+00:00,1.11471,1.11607,1.11569,1.11374,78.8472,-0.10796,0.52
EURUSD,sell,2020-01-30T19:00:00+00:00,2020-01-31T11:00:00+00:00,1.10268,1.10422,1.10384,1.10135,60.4471,-0.09321,0.62
EURUSD,buy,2020-02-27T09:00:00+00:00,2020-02-27T10:00:00+00:00,1.09385,1.08737,1.09042,1.08770,15.8835,-0.10284,0.505
EURUSD,sell,2020-03-19T13:00:00+00:00,2020-03-19T14:00:00+00:00,1.08000,1.10720,1.09148,1.10687,4.3199,-0.11753,0.505
EURUSD,sell,2020-04-07T18:00:00+00:00,2020-04-07T19:00:00+00:00,1.08992,1.09103,1.09065,1.08945,117.5882,-0.12985,0.5700000000000001
EURUSD,sell,2020-04-23T12:00:00+00:00,2020-04-23T13:00:00+00:00,1.07851,1.08653,1.08049,1.08620,27.5523,-0.22096,0.555
EURUSD,sell,2020-05-07T14:00:00+00:00,2020-05-07T15:00:00+00:00,1.07734,1.08052,1.08015,1.08249,17.4808,-0.05572,0.505
EURUSD,buy,2020-06-04T13:00:00+00:00,2020-06-04T14:00:00+00:00,1.12718,1.13083,1.12319,1.11607,8.8295,0.03222,0.505
EURUSD,buy,2020-06-04T13:00:00+00:00,2020-06-04T14:00:00+00:00,1.12718,1.12679,1.12718,1.11607,2.9432,-0.00114,0.505
EURUSD,sell,2020-06-10T19:00:00+00:00,2020-06-11T04:00:00+00:00,1.13860,1.13510,1.14244,1.13194,9.2745,0.03247,0.62
EURUSD,sell,2020-06-10T19:00:00+00:00,2020-06-11T05:00:00+00:00,1.13860,1.13564,1.13525,1.13194,3.0915,0.00914,0.62
EURUSD,sell,2020-06-25T12:00:00+00:00,2020-06-25T13:00:00+00:00,1.12077,1.12973,1.12508,1.12939,11.0068,-0.09857,0.505
EURUSD,buy,2020-07-02T12:00:00+00:00,2020-07-02T13:00:00+00:00,1.12669,1.12709,1.12595,1.12230,80.0836,0.03201,0.505
EURUSD,buy,2020-07-02T12:00:00+00:00,2020-07-02T13:00:00+00:00,1.12669,1.12630,1.12669,1.12230,26.6945,-0.01036,0.505
EURUSD,buy,2020-08-13T12:00:00+00:00,2020-08-13T13:00:00+00:00,1.18524,1.18270,1.18310,1.17618,24.1167,-0.06127,0.505
EURUSD,buy,2020-09-10T14:00:00+00:00,2020-09-10T15:00:00+00:00,1.18769,1.17376,1.18290,1.17411,9.5519,-0.13304,0.505
EURUSD,sell,2020-09-10T17:00:00+00:00,2020-09-10T19:00:00+00:00,1.18510,1.18162,1.18894,1.17850,8.8329,0.03075,0.5700000000000001
EURUSD,sell,2020-09-10T18:00:00+00:00,2020-09-10T19:00:00+00:00,1.18213,1.18151,1.18309,1.18126,50.3910,0.03076,0.65
EURUSD,sell,2020-09-10T18:00:00+00:00,2020-09-10T19:00:00+00:00,1.18213,1.18253,1.18213,1.18126,16.7970,-0.00680,0.65
EURUSD,sell,2020-09-10T17:00:00+00:00,2020-09-10T20:00:00+00:00,1.18510,1.18235,1.18195,1.17850,2.9443,0.00810,0.5700000000000001
EURUSD,sell,2020-09-24T12:00:00+00:00,2020-09-24T13:00:00+00:00,1.16359,1.16888,1.16526,1.16853,31.5248,-0.16676,0.505
EURUSD,sell,2020-09-29T12:00:00+00:00,2020-09-29T13:00:00+00:00,1.16995,1.17204,1.17164,1.16762,29.8098,-0.06238,0.6699999999999999
EURUSD,buy,2020-10-01T12:00:00+00:00,2020-10-01T13:00:00+00:00,1.17581,1.17323,1.17363,1.17176,21.4871,-0.05554,0.505
EURUSD,sell,2020-10-21T19:00:00+00:00,2020-10-21T20:00:00+00:00,1.18554,1.18658,1.18617,1.18536,143.5778,-0.14812,0.54
EURUSD,sell,2020-10-22T12:00:00+00:00,2020-10-22T13:00:00+00:00,1.18226,1.18764,1.18381,1.18728,31.0707,-0.16719,0.505
EURUSD,sell,2020-10-29T12:00:00+00:00,2020-10-29T13:00:00+00:00,1.17006,1.18130,1.17426,1.18095,9.2501,-0.10402,0.505
EURUSD,buy,2020-11-05T08:00:00+00:00,2020-11-05T09:00:00+00:00,1.17664,1.17970,1.17323,1.17061,8.4737,0.02592,0.505
EURUSD,buy,2020-11-05T08:00:00+00:00,2020-11-05T09:00:00+00:00,1.17664,1.17624,1.17664,1.17061,2.8246,-0.00114,0.505
EURUSD,sell,2020-11-13T18:00:00+00:00,2020-11-13T19:00:00+00:00,1.18214,1.18324,1.18284,1.18179,99.4872,-0.11039,0.5700000000000001
EURUSD,sell,2020-11-19T09:00:00+00:00,2020-11-19T10:00:00+00:00,1.18259,1.18759,1.18532,1.18723,14.1666,-0.07085,0.505
EURUSD,buy,2020-12-03T13:00:00+00:00,2020-12-03T14:00:00+00:00,1.21546,1.20701,1.21141,1.20737,8.9453,-0.07565,0.505
EURUSD,sell,2020-12-03T18:00:00+00:00,2020-12-04T08:00:00+00:00,1.21358,1.21672,1.21631,1.20920,13.6083,-0.04285,0.52
EURUSD,buy,2020-12-17T13:00:00+00:00,2020-12-17T14:00:00+00:00,1.22454,1.21877,1.22230,1.21914,17.0177,-0.09807,0.505
EURUSD,sell,2021-01-14T15:00:00+00:00,2021-01-14T16:00:00+00:00,1.21318,1.21614,1.21573,1.21880,14.0833,-0.04181,0.505
EURUSD,sell,2021-02-04T13:00:00+00:00,2021-02-04T14:00:00+00:00,1.19802,1.20600,1.19962,1.20564,24.5357,-0.19582,0.505
EURUSD,buy,2021-02-25T13:00:00+00:00,2021-02-25T14:00:00+00:00,1.22159,1.21121,1.21600,1.21157,5.4533,-0.05660,0.505
EURUSD,sell,2021-03-04T09:00:00+00:00,2021-03-04T10:00:00+00:00,1.20286,1.20436,1.20395,1.20840,38.2191,-0.05741,0.505
EURUSD,buy,2021-03-11T09:00:00+00:00,2021-03-11T10:00:00+00:00,1.19672,1.18825,1.19234,1.18861,6.7975,-0.05754,0.505
EURUSD,sell,2021-03-25T14:00:00+00:00,2021-03-25T15:00:00+00:00,1.17960,1.17788,1.18167,1.18548,11.6644,0.02007,0.505
EURUSD,sell,2021-03-25T14:00:00+00:00,2021-03-25T15:00:00+00:00,1.17960,1.18000,1.17960,1.18548,3.8881,-0.00157,0.505
EURUSD,sell,2021-04-07T12:00:00+00:00,2021-04-07T13:00:00+00:00,1.18810,1.18934,1.18893,1.18752,57.3094,-0.07068,0.72
EURUSD,buy,2021-04-23T07:00:00+00:00,2021-04-23T12:00:00+00:00,1.20575,1.20712,1.20402,1.20797,14.3588,0.01966,0.516
EURUSD,buy,2021-04-23T07:00:00+00:00,2021-04-23T12:00:00+00:00,1.20575,1.20534,1.20575,1.20797,4.7863,-0.00197,0.516
EURUSD,buy,2021-05-05T17:00:00+00:00,2021-05-06T06:00:00+00:00,1.20022,1.20107,1.19901,1.20156,23.2990,0.01979,0.54
EURUSD,buy,2021-05-05T17:00:00+00:00,2021-05-06T06:00:00+00:00,1.20022,1.20120,1.20022,1.20156,7.7663,0.00761,0.54
EURUSD,buy,2021-05-05T18:00:00+00:00,2021-05-06T06:00:00+00:00,1.20032,1.20127,1.19901,1.20186,20.8465,0.01979,0.54
EURUSD,buy,2021-05-05T18:00:00+00:00,2021-05-06T06:00:00+00:00,1.20032,1.20150,1.20032,1.20186,6.9488,0.00820,0.54
EURUSD,sell,2021-06-17T12:00:00+00:00,2021-06-17T13:00:00+00:00,1.19276,1.19444,1.19403,1.20613,29.6258,-0.04966,0.505
EURUSD,buy,2021-07-29T12:00:00+00:00,2021-07-29T13:00:00+00:00,1.18876,1.18198,1.18679,1.18233,16.4366,-0.11146,0.555
EURUSD,sell,2021-09-03T14:00:00+00:00,2021-09-03T15:00:00+00:00,1.18774,1.18898,1.18857,1.18716,53.9326,-0.06650,0.5700000000000001
EURUSD,sell,2021-09-03T18:00:00+00:00,2021-09-03T20:00:00+00:00,1.18874,1.18785,1.18999,1.18732,20.8005,0.01852,0.62
EURUSD,sell,2021-09-03T19:00:00+00:00,2021-09-03T20:00:00+00:00,1.18765,1.18785,1.18827,1.18749,94.9358,-0.01829,0.5700000000000001
EURUSD,sell,2021-09-03T18:00:00+00:00,2021-09-03T21:00:00+00:00,1.18874,1.18814,1.18773,1.18732,6.9335,0.00421,0.62
EURUSD,sell,2021-09-03T13:00:00+00:00,2021-09-06T09:00:00+00:00,1.18845,1.18616,1.19110,1.18423,8.3018,0.01902,0.62
EURUSD,sell,2021-09-03T13:00:00+00:00,2021-09-06T10:00:00+00:00,1.18845,1.18700,1.18659,1.18423,2.7673,0.00403,0.62
EURUSD,sell,2021-09-30T12:00:00+00:00,2021-09-30T13:00:00+00:00,1.15871,1.16435,1.16068,1.16400,15.4063,-0.08684,0.505
EURUSD,buy,2021-10-14T12:00:00+00:00,2021-10-14T13:00:00+00:00,1.16097,1.15971,1.16011,1.15634,47.2349,-0.05934,0.505
EURUSD,sell,2021-11-11T09:00:00+00:00,2021-11-11T10:00:00+00:00,1.14597,1.15101,1.14785,1.15066,15.2574,-0.07688,0.505
EURUSD,buy,2021-11-18T13:00:00+00:00,2021-11-18T14:00:00+00:00,1.13379,1.13238,1.13277,1.13014,33.4229,-0.04712,0.505
EURUSD,buy,2021-12-07T20:00:00+00:00,2021-12-07T22:00:00+00:00,1.12710,1.12604,1.12643,1.12742,67.4436,-0.07122,0.6499999999999999
EURUSD,buy,2021-12-16T08:00:00+00:00,2021-12-16T09:00:00+00:00,1.13210,1.12505,1.12835,1.12539,6.3180,-0.04452,0.505
EURUSD,buy,2022-01-13T08:00:00+00:00,2022-01-13T09:00:00+00:00,1.14695,1.14026,1.14375,1.14060,7.3773,-0.04940,0.505
EURUSD,sell,2022-01-27T08:00:00+00:00,2022-01-27T09:00:00+00:00,1.11976,1.12545,1.12289,1.12511,7.3853,-0.04197,0.505
EURUSD,sell,2022-02-24T18:00:00+00:00,2022-02-24T19:00:00+00:00,1.11872,1.13410,1.12510,1.13376,3.3419,-0.05138,0.505
EURUSD,sell,2022-03-29T17:00:00+00:00,2022-03-30T03:00:00+00:00,1.10740,1.11228,1.11190,1.09939,4.7174,-0.02305,0.5700000000000001
EURUSD,buy,2022-04-14T07:00:00+00:00,2022-04-14T08:00:00+00:00,1.09115,1.08874,1.08997,1.08907,22.8717,-0.05498,0.505
EURUSD,buy,2022-04-21T12:00:00+00:00,2022-04-21T13:00:00+00:00,1.08943,1.08686,1.08724,1.07248,10.1565,-0.02603,0.505
EURUSD,sell,2022-05-12T13:00:00+00:00,2022-05-12T14:00:00+00:00,1.03958,1.06584,1.04401,1.06552,4.5220,-0.11876,0.555
EURUSD,sell,2022-06-17T13:00:00+00:00,2022-06-17T14:00:00+00:00,1.04813,1.04556,1.05100,1.03590,5.1103,0.01309,0.516
EURUSD,sell,2022-06-17T13:00:00+00:00,2022-06-17T14:00:00+00:00,1.04813,1.04849,1.04813,1.03590,1.7034,-0.00062,0.516
EURUSD,sell,2022-06-30T12:00:00+00:00,2022-06-30T13:00:00+00:00,1.03948,1.05242,1.04486,1.05210,3.4651,-0.04483,0.505
EURUSD,buy,2022-08-25T07:00:00+00:00,2022-08-25T08:00:00+00:00,1.00024,0.99840,0.99875,0.99390,14.3862,-0.02646,0.505
EURUSD,buy,2022-10-28T19:00:00+00:00,2022-10-30T21:00:00+00:00,0.99690,0.99545,0.99580,0.99820,21.0687,-0.03050,0.67
EURUSD,sell,2022-11-03T12:00:00+00:00,2022-11-03T13:00:00+00:00,0.97378,0.99311,0.98200,0.99281,2.0870,-0.04034,0.505
EURUSD,buy,2022-12-01T15:00:00+00:00,2022-12-01T16:00:00+00:00,1.04901,1.03613,1.04225,1.03644,2.5033,-0.03226,0.555
EURUSD,sell,2023-02-23T18:00:00+00:00,2023-02-23T19:00:00+00:00,1.05849,1.06659,1.06210,1.06627,4.8097,-0.03895,0.505
EURUSD,buy,2023-02-23T20:00:00+00:00,2023-02-23T21:00:00+00:00,1.06062,1.05937,1.05974,1.06142,27.5616,-0.03434,0.5700000000000001
EURUSD,buy,2023-02-23T19:00:00+00:00,2023-02-24T01:00:00+00:00,1.05986,1.06088,1.05852,1.06158,11.3489,0.01157,0.62
EURUSD,buy,2023-02-23T19:00:00+00:00,2023-02-24T01:00:00+00:00,1.05986,1.05949,1.05986,1.06158,3.7830,-0.00139,0.62
EURUSD,buy,2023-03-09T14:00:00+00:00,2023-03-09T15:00:00+00:00,1.05782,1.05188,1.05516,1.05220,6.4927,-0.03852,0.505
EURUSD,sell,2023-03-09T15:00:00+00:00,2023-03-09T16:00:00+00:00,1.05654,1.05869,1.05832,1.05394,10.1422,-0.02175,0.5700000000000001
EURUSD,sell,2023-03-09T19:00:00+00:00,2023-03-09T22:00:00+00:00,1.05723,1.05869,1.05832,1.05601,18.9482,-0.02757,0.59
EURUSD,sell,2023-03-10T20:00:00+00:00,2023-03-12T21:00:00+00:00,1.06336,1.06573,1.06536,1.06032,8.5205,-0.02018,0.62
EURUSD,buy,2023-04-13T14:00:00+00:00,2023-04-13T15:00:00+00:00,1.10502,1.09196,1.10064,1.09229,3.4846,-0.04551,0.505
EURUSD,buy,2023-05-09T18:00:00+00:00,2023-05-09T21:00:00+00:00,1.09697,1.09451,1.09489,1.10014,7.8043,-0.01918,0.6
EURUSD,sell,2023-05-11T12:00:00+00:00,2023-05-11T13:00:00+00:00,1.09294,1.10341,1.09612,1.10308,4.7248,-0.04946,0.555
EURUSD,sell,2023-05-25T06:00:00+00:00,2023-05-25T07:00:00+00:00,1.07289,1.07193,1.07417,1.07467,10.1337,0.00973,0.505
EURUSD,sell,2023-05-25T06:00:00+00:00,2023-05-25T07:00:00+00:00,1.07289,1.07326,1.07289,1.07467,3.3779,-0.00126,0.505
EURUSD,sell,2023-06-13T17:00:00+00:00,2023-06-13T19:00:00+00:00,1.07857,1.07957,1.07920,1.07827,42.1159,-0.04243,0.7
EURUSD,sell,2023-06-13T13:00:00+00:00,2023-06-14T12:00:00+00:00,1.07908,1.08139,1.08102,1.07616,8.0592,-0.01868,0.65
EURUSD,sell,2023-06-14T19:00:00+00:00,2023-06-15T12:00:00+00:00,1.08234,1.08698,1.08660,1.07478,3.1586,-0.01466,0.5700000000000001
EURUSD,buy,2023-07-28T13:00:00+00:00,2023-08-01T01:00:00+00:00,1.10204,1.09802,1.09840,1.11496,3.7155,-0.01494,0.516
EURUSD,buy,2023-08-10T13:00:00+00:00,2023-08-10T14:00:00+00:00,1.10428,1.10087,1.10125,1.08932,4.4996,-0.01535,0.505
EURUSD,buy,2023-08-25T13:00:00+00:00,2023-08-25T14:00:00+00:00,1.08110,1.08152,1.08036,1.09303,21.4203,0.00899,0.516
EURUSD,buy,2023-08-25T13:00:00+00:00,2023-08-25T14:00:00+00:00,1.08110,1.08073,1.08110,1.09303,7.1401,-0.00267,0.516
EURUSD,sell,2023-09-07T14:00:00+00:00,2023-09-07T15:00:00+00:00,1.06999,1.07761,1.07197,1.07729,7.2642,-0.05538,0.505
EURUSD,buy,2023-10-03T17:00:00+00:00,2023-10-03T18:00:00+00:00,1.04722,1.04582,1.04618,1.04837,15.7599,-0.02219,0.5900000000000001
EURUSD,buy,2023-11-02T14:00:00+00:00,2023-11-02T15:00:00+00:00,1.06428,1.06247,1.06284,1.05323,10.0739,-0.01821,0.505
EURUSD,buy,2023-11-22T18:00:00+00:00,2023-11-22T19:00:00+00:00,1.08879,1.08768,1.08806,1.08926,27.7517,-0.03061,0.5700000000000001
EURUSD,buy,2023-11-22T20:00:00+00:00,2023-11-23T02:00:00+00:00,1.08906,1.08973,1.08806,1.09007,12.0835,0.00809,0.5700000000000001
EURUSD,buy,2023-11-22T20:00:00+00:00,2023-11-23T02:00:00+00:00,1.08906,1.08974,1.08906,1.09007,4.0278,0.00276,0.5700000000000001
EURUSD,sell,2023-12-08T15:00:00+00:00,2023-12-08T16:00:00+00:00,1.07650,1.07591,1.07741,1.07236,13.8599,0.00818,0.516
EURUSD,sell,2023-12-08T15:00:00+00:00,2023-12-08T16:00:00+00:00,1.07650,1.07687,1.07650,1.07236,4.6200,-0.00172,0.516
EURUSD,sell,2023-12-22T18:00:00+00:00,2023-12-22T19:00:00+00:00,1.10098,1.10058,1.10184,1.10025,20.6938,0.00827,0.67
EURUSD,sell,2023-12-22T20:00:00+00:00,2023-12-25T00:00:00+00:00,1.10092,1.10041,1.10176,1.10023,16.2506,0.00829,0.67
EURUSD,sell,2023-12-22T20:00:00+00:00,2023-12-25T00:00:00+00:00,1.10092,1.10130,1.10092,1.10023,5.4169,-0.00206,0.67
EURUSD,sell,2024-02-01T08:00:00+00:00,2024-02-01T09:00:00+00:00,1.07884,1.08386,1.08214,1.08353,3.7291,-0.01872,0.505
EURUSD,buy,2024-02-15T13:00:00+00:00,2024-02-15T14:00:00+00:00,1.07696,1.06761,1.07276,1.06793,2.8159,-0.02634,0.505
EURUSD,buy,2024-02-22T09:00:00+00:00,2024-02-22T10:00:00+00:00,1.08562,1.07690,1.08211,1.07722,3.3529,-0.02923,0.555
EURUSD,buy,2024-02-28T14:00:00+00:00,2024-02-29T08:00:00+00:00,1.08331,1.08430,1.08200,1.08497,7.8560,0.00777,0.5700000000000001
EURUSD,buy,2024-02-28T14:00:00+00:00,2024-02-29T08:00:00+00:00,1.08331,1.08294,1.08331,1.08497,2.6187,-0.00098,0.5700000000000001
EURUSD,sell,2024-03-28T12:00:00+00:00,2024-03-28T13:00:00+00:00,1.08050,1.08712,1.08277,1.08679,5.3527,-0.03544,0.505
EURUSD,buy,2024-04-04T14:00:00+00:00,2024-04-04T15:00:00+00:00,1.08709,1.08115,1.08534,1.08147,7.1010,-0.04218,0.505
EURUSD,sell,2024-04-11T17:00:00+00:00,2024-04-11T18:00:00+00:00,1.07244,1.07774,1.07466,1.07742,5.0851,-0.02698,0.505
EURUSD,buy,2024-04-11T19:00:00+00:00,2024-04-11T23:00:00+00:00,1.07320,1.07208,1.07245,1.07374,21.8415,-0.02454,0.65
EURUSD,buy,2024-04-18T07:00:00+00:00,2024-04-18T08:00:00+00:00,1.06842,1.06666,1.06736,1.06698,12.3600,-0.02176,0.505
EURUSD,sell,2024-08-29T12:00:00+00:00,2024-08-29T13:00:00+00:00,1.10808,1.12029,1.11019,1.11995,5.0162,-0.06124,0.505
EURUSD,buy,2024-09-05T17:00:00+00:00,2024-09-05T18:00:00+00:00,1.11100,1.10308,1.10906,1.10341,5.1655,-0.04093,0.505
EURUSD,sell,2024-10-10T17:00:00+00:00,2024-10-10T18:00:00+00:00,1.09156,1.09815,1.09317,1.09782,6.1774,-0.04069,0.505
EURUSD,buy,2024-11-12T20:00:00+00:00,2024-11-13T05:00:00+00:00,1.06253,1.06065,1.06102,1.06459,6.3027,-0.01183,0.6699999999999999
EURUSD,sell,2024-11-14T13:00:00+00:00,2024-11-14T14:00:00+00:00,1.05272,1.05507,1.05470,1.06010,4.4469,-0.01042,0.555
EURUSD,buy,2024-12-05T18:00:00+00:00,2024-12-05T19:00:00+00:00,1.05712,1.05838,1.05554,1.04681,4.3320,0.00546,0.505
EURUSD,buy,2024-12-05T18:00:00+00:00,2024-12-05T19:00:00+00:00,1.05712,1.05675,1.05712,1.04681,1.4440,-0.00053,0.505
EURUSD,sell,2025-02-14T20:00:00+00:00,2025-02-18T01:00:00+00:00,1.04887,1.04696,1.05108,1.04538,2.8922,0.00550,0.5700000000000001
EURUSD,sell,2025-02-14T20:00:00+00:00,2025-02-18T02:00:00+00:00,1.04887,1.04741,1.04705,1.04538,0.9641,0.00140,0.5700000000000001
EURUSD,buy,2025-02-19T19:00:00+00:00,2025-02-19T22:00:00+00:00,1.04287,1.04132,1.04168,1.04432,8.4045,-0.01307,0.5700000000000001
EURUSD,buy,2025-03-06T15:00:00+00:00,2025-03-06T16:00:00+00:00,1.08202,1.07586,1.07897,1.07618,2.6613,-0.01641,0.505
EURUSD,sell,2025-03-20T12:00:00+00:00,2025-03-20T13:00:00+00:00,1.08303,1.09916,1.08537,1.09883,3.5329,-0.05697,0.505
EURUSD,buy,2025-04-03T17:00:00+00:00,2025-04-03T18:00:00+00:00,1.10276,1.06802,1.09406,1.06834,0.7803,-0.02711,0.505
